Прізвище,Ім'я,По батькові,Стать,Дата народження,Посада,Місто проживання,Адреса проживання,Телефон,Email
Штокало,Семен,Богданович,Чоловік,1965-05-17,Реставратор,місто Хмельницький,"вулиця Пішонівська, буд. 999 кв. 31, Берегове, 97202",+380 (35) 833-88-94,liubov66@example.com
Смик,Федір,Андрійович,Чоловік,2000-05-31,Складальник,селище Південне,"узвіз Моторний 2-й, буд. 515, Ізмаїл, 34859",069 018-49-92,marta74@example.net
Фурс,Микита,Юрійович,Чоловік,1972-12-07,Няня,селище Заставна,"парк Василя Кандинського 3-й, буд. 73 кв. 61, Бровари, 14207",731-99-80,markonesterenko@example.org
Яковенко,Лесь,Дмитрович,Чоловік,2008-10-20,Хімік,село Монастириська,"площа Іони Отаманського, буд. 35 кв. 5, Судова Вишня, 04181",045 881 44 64,flytvyn@example.com
Базавлученко,Мирон,Романович,Чоловік,1959-11-12,Фольклорист,місто Бурштин,"проспект Військово-морських сил, буд. 2 кв. 1, Шахтарське, 95147",+380 (07) 190-49-27,albinamazur@example.com
Хмара,Ліза,Анатоліївна,Жінка,2008-09-24,Професор,місто Полтава,"проспект Педагогічний, буд. 906, Могилів-Подільський, 19421",981-21-91,roksolanaakymenko@example.com
Артим,Надія,Василівна,Жінка,1961-03-24,Хімік,місто Коростишів,"парк Патріотична, буд. 094 кв. 52, Олешки, 70393",+380 14 028 25 03,wsvyrydenko@example.net
Дараган,Тимофій,Іванович,Чоловік,1964-07-09,Актор,селище Радехів,"проспект Пироговська, буд. 19 кв. 97, Новоселиця, 29448",+380 61 415-30-46,bohodarchervonenko@example.net
Данькевич,Ярослав,Анатолійович,Чоловік,1954-05-07,Паралегал,місто Бердичів,"сквер Віталія Нестеренка, буд. 131, Валки, 04783",779-01-02,albert76@example.net
Яценко,Олег,Сергійович,Чоловік,1990-09-07,Фольклорист,місто Андрушівка,"площа Миколи Костомарова, буд. 51 кв. 6, Іллінці, 40221",+380 38 792-48-27,rshelest@example.com
Олійник,Марко,Євгенович,Чоловік,1988-04-01,Шериф,село Ізмаїл,"проспект Бутишів, буд. 601 кв. 0, Подільськ, 55614",+380 99 819-75-03,xsaienko@example.com
Іванченко,Олександр,Олегович,Чоловік,1988-11-27,Кінолог,село Семенівка,"площа Ольвійська, буд. 37, Покровськ, 63004",+380 75 433-43-74,kamillakyrylenko@example.net
Саченко,Хома,Романович,Чоловік,1997-12-12,Фізик,хутір Вишневе,"парк Василя Данилевича, буд. 587 кв. 27, Новоселиця, 87764",059 178-83-01,varvara81@example.net
Дубина,Володимир,Васильович,Чоловік,1976-03-14,Кінорежисер,місто Зоринськ,"провулок Щоголєва, буд. 8 кв. 94, Самар, 83077",521-45-70,anitaopanasenko@example.com
Баран,Юстим,Богданович,Чоловік,2007-04-26,Будник,хутір Ланівці,"проспект Пантелеймонівська, буд. 8 кв. 89, Решетилівка, 13970",072 194 56 13,bohdan19@example.org
Кабалюк,Іван,Михайлович,Чоловік,1951-08-09,Дипломат,хутір Галич,"набережна Проектний 5-й, буд. 430, Полонне, 43139",+380 34 916-03-43,danylenkovioletta@example.net
Атаманчук,Климент,Васильович,Чоловік,1951-01-05,Секретар,хутір Чугуїв,"набережна Фруктовий, буд. 027, Боярка, 81430",651-48-42,candreiko@example.com
Гаврилюк,Адам,Володимирович,Чоловік,1996-10-24,Географ,місто Кролевець,"шосе Учительський, буд. 915, Новояворівськ, 78569",+380 (09) 490-23-54,romanoliinyk@example.com
Гайденко,Єлисавета,Анатоліївна,Жінка,1978-04-15,Доцент,місто Новоазовськ,"шосе Довженка, буд. 0 кв. 02, Рудки, 62572",+380 50 065-90-62,eholyk@example.net
Гавришкевич,Данило,Олегович,Чоловік,2002-12-22,Провізор,село Перечин,"парк Херсонський сквер, буд. 31 кв. 22, Новодністровськ, 76865",800-97-12,arsen26@example.org
Яковенко,Аврелій,Юрійович,Чоловік,1998-10-02,Астронавт,місто Кролевець,"проспект Сосюри, буд. 8 кв. 850, Вашківці, 26465",+380 (76) 345-81-87,leopoldpetliura@example.net
Негода,Розалія,Максимівна,Жінка,1989-10-26,Продюсер,селище Біляївка,"провулок Болградська, буд. 34, Надвірна, 22766",998 82 76,onysymtovstukha@example.org
Шинкаренко,Софія,Олександрівна,Жінка,1949-11-11,Кінокритик,хутір Моршин,"провулок Ліверпульський, буд. 84, Козятин, 75766",+380 67 434-86-83,priska28@example.com
Данчук,Микита,Сергійович,Чоловік,1991-09-26,Історик,хутір Євпаторія,"проспект Азовський, буд. 105 кв. 22, Боково-Хрустальне, 42070",+380 88 846-25-78,ilienkoonysym@example.org
Алексеєнко,Борис,Сергійович,Чоловік,1994-01-11,Різноробочий,хутір Ланівці,"провулок Контрадмірала Остроградського, буд. 8 кв. 90, Покров, 51436",769 11 30,bhaivoronska@example.com
Скорик,Леон,Дмитрович,Чоловік,2010-07-28,Мірошник,місто Судак,"парк Художника Федорова, буд. 041 кв. 28, Благовіщенське, 56544",+380 (84) 496-06-17,mshvedchenko@example.net
Голик,Остап,Олександрович,Чоловік,1984-01-12,Патологоанатом,село Таврійськ,"шосе Миколаївський 1-й, буд. 8 кв. 0, Кадіївка, 57420",039 186-74-57,ftsarenko@example.org
Гоголь-Яновська,Михайлина,Романівна,Жінка,1948-03-12,Акушер,село Новоселиця,"провулок Ф. Пішеніна, буд. 4, Токмак, 10757",045-16-21,iaroslavshablii@example.com
Пилипенко,Яків,Євгенович,Чоловік,1979-10-17,Хореограф,село Сніжне,"площа Віталія Блажка, буд. 0, Звенигородка, 92665",+380 87 346-03-59,svitlanaoliinyk@example.com
Швачко,Борислав,Ігорович,Чоловік,1971-12-23,Юрист,село Сіверськодонецьк,"вулиця Улицька, буд. 249, Гайсин, 21665",+380 (15) 245-61-79,shmorhunodarka@example.net
Ажажа,Володимира,Романівна,Жінка,1982-08-08,Доцент,хутір Барвінкове,"площа Одеської громади, буд. 151 кв. 149, Гайсин, 18475",+380 48 043 51 85,dannavdovychenko@example.net
Гайдабура,Богодар,Артемович,Чоловік,2008-09-12,Гірник,селище Носівка,"шосе Ірини Жиленко, буд. 3, Багачеве, 02637",+380 41 635-89-84,itokar@example.net
Зінкевич,Петро,Володимирович,Чоловік,1996-03-06,Мовознавець,селище Корець,"проспект Деревообробна, буд. 7, Рені, 63376",+380 98 969-53-88,akulenkoamaliia@example.net
Цюпа,Мілена,Євгенівна,Жінка,1947-05-09,Електротехнік,село Світловодськ,"набережна Аркадіївський, буд. 6 кв. 7, Вашківці, 15292",+380 15 274 11 65,avrelii30@example.net
Терещенко,Лукʼян,Євгенович,Чоловік,1946-03-13,Фармацевт,селище Вижниця,"узвіз Суперфосфатна, буд. 10 кв. 53, Боково-Хрустальне, 30195",+380 15 128-92-10,antoniermolenko@example.org
Онищенко,Валентина,Володимирівна,Жінка,2005-10-15,Музикант,село Радехів,"площа Свободи, буд. 168 кв. 018, Богодухів, 17557",+380 64 931-99-57,stepanvitruk@example.net
Штокало,Еріка,Ігорівна,Жінка,1980-04-10,Сценарист,селище Стрий,"набережна Академічна, буд. 6 кв. 20, Очаків, 75744",039 12 11,babiichukanastasiia@example.net
Малик,Ярема,Романович,Чоловік,1951-03-04,Географ,селище Лебедин,"сквер Івана Франка, буд. 50 кв. 292, Ірпінь, 31474",+380 19 935-72-39,orysia35@example.net
Шеремета,Борис,Олегович,Чоловік,1987-10-14,Швачка,місто Снігурівка,"вулиця Князя Володимира Великого , буд. 2 кв. 61, Южноукраїнськ, 57309",+380 (38) 324-11-84,marusiakorpaniuk@example.org
Деряжна,Ліза,Іванівна,Жінка,1961-11-25,Підприємець,місто Борислав,"сквер Кутова, буд. 01, Енергодар, 38490",+380 (70) 178-15-31,fedirieresko@example.net
Міщенко,Зиновій,Іванович,Чоловік,2007-12-26,Гірничий інженер,хутір Сокологірськ,"набережна Панаса Мирного, буд. 4, Новий Розділ, 97702",+380 98 585-68-69,volodymyravakulenko@example.net
Архимович,Ілля,Євгенович,Чоловік,2006-09-11,Адвокат,хутір Привілля,"вулиця Трамвайний, буд. 530, Узин, 59131",067 578-90-65,martatelychenko@example.com
Гавриш,Валерій,Петрович,Чоловік,1966-09-30,Бібліограф,селище Заліщики,"провулок Левадна, буд. 362 кв. 243, Рівне, 80931",+380 (15) 895-03-10,tmakarenko@example.net
Юрчишин,Аркадій,Анатолійович,Чоловік,1956-04-27,Гірничий інженер,місто Моспине,"узвіз Балтська дорога, буд. 80 кв. 258, Камінь-Каширський, 16730",302-24-97,nadiia56@example.net
Устенко,Дарина,Віталіївна,Жінка,1960-05-21,Бухгалтер,хутір Нове Давидково,"шосе Багринова, буд. 0, Мена, 38519",+380 45 772-68-07,pylyphrechko@example.net
Голик,Пантелеймон,Іванович,Чоловік,1960-10-19,Соціолог,село Теплодар,"набережна Пересипська 4-та, буд. 560 кв. 7, Іловайськ, 58166",+380 00 504 48 05,bohodar30@example.net
Ірванець,Альберт,Петрович,Чоловік,1970-01-21,Хімік,село Роздільна,"вулиця Обсерваторний, буд. 1, Тульчин, 31470",+380 (80) 611-29-65,deinekooleksa@example.com
Швайка,Алла,Іванівна,Жінка,1946-08-14,Письменник,місто Рудки,"площа Соляний 1-й, буд. 99, Кам'янка (Черкаська область), 85888",+380 49 011-45-34,iryna88@example.com
Забіла,Пріска,Михайлівна,Жінка,2011-03-01,Правник,місто Василівка,"парк Східний, буд. 79 кв. 6, Жданівка, 78371",+380 85 227-49-99,bsachenko@example.com
Демʼяненко,Мирослав,Дмитрович,Чоловік,1973-05-31,Клавішник,хутір Святогірськ,"сквер Обільний 2-й, буд. 5 кв. 10, Перечин, 55044",469-80-86,oivanychuk@example.com
Засенко,Дмитро,Олегович,Чоловік,1967-07-13,Клоун,село Подільськ,"парк Рози вітрів, буд. 81, Олександрівськ, 47902",+380 (21) 424-26-46,matiashiaryna@example.org
Сірко,Валентина,Дмитрівна,Жінка,1983-12-18,Паралегал,хутір Комарно,"провулок Толвінського, буд. 49 кв. 2, Буринь, 44483",+380 (45) 692-63-33,lupiitrokhym@example.net
Дуплій,Нестор,Анатолійович,Чоловік,1947-02-09,Програміст,хутір Ржищів,"площа Грузинська, буд. 79, Білгород-Дністровський, 64487",076-49-47,boryslav42@example.org
Авдєєнко,Прохір,Володимирович,Чоловік,2000-07-10,Паралегал,місто Алушта,"вулиця Рабіна Іцхака, буд. 9, Вугледар, 98368",+380 50 248 33 91,leontiivashchenko-zakharchenko@example.com
Чарниш,Віталій,Анатолійович,Чоловік,1994-04-11,Гірничий інженер,село Хмельницький,"парк Пісочна, буд. 44 кв. 205, Львів, 70316",044 440 56 33,avreliirubets@example.org
Василевич,Аарон,Романович,Чоловік,1985-08-01,Гицель,селище Глобине,"набережна Мирослава Скорика, буд. 4, Сорокине, 10369",022 135 60 71,ivan76@example.net
Воблий,Орхип,Романович,Чоловік,1970-12-04,Підприємець,хутір Іловайськ,"парк Академіка Ясиновського, буд. 91, Дубно, 13719",203-41-40,sahalarkadii@example.com
Христич,Дан,Володимирович,Чоловік,1998-09-01,Локсмайстер,селище Татарбунари,"проспект Косовська, буд. 6, Херсон, 50601",036 911-57-55,cieromenko@example.com
Засенко,Ярослав,Олегович,Чоловік,1967-09-06,Штукатур,село Сорокине,"проспект Розумовський 2-й, буд. 5 кв. 70, Бахмач, 16712",+380 12 869 03 30,jkorzh@example.com
Кабалюк,Святослава,Олегівна,Жінка,1988-02-11,Композитор,село Олександрівськ,"шосе Східний 2-й, буд. 067 кв. 8, Козятин, 91076",+380 (11) 202-40-15,shukhevychteodor@example.com
Скиба,Марія,Іванівна,Жінка,1997-02-03,Провізор,хутір Нове Давидково,"набережна Акордна, буд. 261, Тисмениця, 42981",041 695 95 02,xshablii@example.net
Гузій,Гаврило,Олександрович,Чоловік,2001-01-15,Композитор,село Рівне,"набережна Мусіна, буд. 87 кв. 101, Сокологірськ, 67933",+380 47 194 54 46,arkadii83@example.com
Байда,Наталія,Олександрівна,Жінка,2011-03-22,Флорист,селище Ясинувата,"площа Верстатобудівна, буд. 2, Вуглегірськ, 57267",692 89 36,iarynatychyna@example.org
Чорновіл,Маруся,Олександрівна,Жінка,1972-03-17,Мікробіолог,селище Нове Давидково,"провулок Лавкова, буд. 219, Бершадь, 87256",521 34 36,roksolanaandriishyn@example.com
Ващук,Василь,Євгенович,Чоловік,1966-09-29,Провізор,місто Дубровиця,"проспект Будівельна, буд. 27, Коломия, 16982",477-36-94,marusiabashpolchenko@example.net
Ємельяненко,Тарас,Романович,Чоловік,1954-07-14,Реставратор,селище Новоазовськ,"площа Соляний 7-й, буд. 651, Ізяслав, 46520",+380 (28) 614-74-44,opylypenko@example.net
Артим,Пріска,Євгенівна,Жінка,1953-06-26,Няня,селище Угнів,"узвіз Гетьманський, буд. 562, Українка, 01248",+380 71 356 39 22,wsachenko@example.com
Іваничук,Костянтин,Петрович,Чоловік,1993-05-20,Стоматолог,село Ужгород,"шосе Софіївська, буд. 28 кв. 53, Верхньодніпровськ, 92151",+380 (13) 892-76-24,dvertyporokh@example.org
Твердохліб,Богданна,Ігорівна,Жінка,1982-02-03,Етнограф,хутір Решетилівка,"провулок Зелений, буд. 40 кв. 21, Маріуполь, 14601",021-92-68,iefremieroshenko@example.com
Павлик,Ада,Андріївна,Жінка,1957-11-03,Електромонтажник,селище Лутугине,"площа Чернівецький, буд. 39, Часів Яр, 60760",075 465 56 41,iaremkivarkadii@example.net
Бараник,Богуслава,Богданівна,Жінка,1997-02-14,Фізик,селище Корець,"сквер Вокзальний, буд. 435, Чистякове, 46123",+380 07 407 54 20,haidainazar@example.com
Єсипенко,Руслан,Ігорович,Чоловік,2002-02-01,Філолог,місто Березань,"парк Штурманська, буд. 4 кв. 91, Алмазна, 04484",+380 (53) 868-37-00,qandreiko@example.org
Габелко,Богуслав,Андрійович,Чоловік,2007-06-13,Штукатур,село Жовква,"парк Родоканакі, буд. 319 кв. 968, Городище, 41919",011 473 72 50,xkharchenko@example.com
Литвин,Богодар,Віталійович,Чоловік,1946-10-03,Реставратор,хутір Корюківка,"набережна Будівельний, буд. 275, Суходільськ, 16911",+380 81 791-50-26,bohuslavakolesnychenko@example.com
Ящук,Едита,Романівна,Жінка,1994-01-29,Патологоанатом,місто Дубровиця,"шосе Технічний, буд. 321 кв. 8, Копичинці, 88457",012 817-74-40,zakhar65@example.org
Фесенко,Пилип,Артемович,Чоловік,2009-03-29,Головний меркшейдер,хутір Миронівка,"парк Незалежності, буд. 313, Чистякове, 86740",+380 (30) 551-11-59,iashchukvarvara@example.com
Бабій,Ілля,Ігорович,Чоловік,1973-07-04,Фотограф,хутір Миргород,"сквер Географічний, буд. 31 кв. 698, Южноукраїнськ, 01316",+380 (66) 777-23-97,feofan30@example.net
Талан,Емілія,Сергіївна,Жінка,1973-12-03,Кушнір,місто Березівка,"набережна Вишнева, буд. 5 кв. 18, Богуслав, 18247",+380 01 962-29-75,sofiiademianenko@example.org
Наливайко,Соломон,Михайлович,Чоловік,1950-07-25,Акушер,місто Алчевськ,"шосе Лиманчик 2-й Лінія 4-та, буд. 678, Мена, 90386",+380 57 905 39 49,qavdieienko@example.net
Корсун,Пармен,Артемович,Чоловік,1947-05-22,Програміст,село Копичинці,"вулиця Абрикосова, буд. 3 кв. 003, Ялта, 81467",+380 57 958 60 19,spas96@example.com
Артим,Ірена,Миколаївна,Жінка,1991-11-05,Ботанік,хутір Підгайці,"парк 11-ша Лінія 6-й ст. Люстдорфської дороги, буд. 25, Долинська, 50370",004 996-20-04,zhuchenkoieva@example.net
Носаченко,Демид,Юрійович,Чоловік,1981-10-02,Євнух,селище Нововолинськ,"узвіз Панаса Саксаганського, буд. 907 кв. 91, Лутугине, 21830",+380 60 853 96 65,pvyshniak@example.org
Ґереґа,Еріка,Олегівна,Жінка,1973-09-10,Єгер,селище Татарбунари,"сквер Крушельницької, буд. 465 кв. 8, Кіцмань, 08953",260-17-52,zbabak@example.net
Демʼянюк,Єфрем,Віталійович,Чоловік,1977-06-27,Архітектор,хутір Горохів,"узвіз Дністровська, буд. 73 кв. 490, Долина, 33371",088 146 24 98,orlyksolomiia@example.com
Дзюба,Софія,Сергіївна,Жінка,1976-04-18,Сценарист,село Родинське,"площа Дениса Максишка, буд. 211, Перемишляни, 45200",+380 76 850-40-29,shchyrytsiafedir@example.com
Цюпа,Соломон,Андрійович,Чоловік,2009-01-07,Кушнір,село Полтава,"вулиця Китобійний 1-й, буд. 6, Рубіжне, 56448",+380 10 485-02-00,prykhodkoklyment@example.com
Чекалюк,Богодар,Дмитрович,Чоловік,1946-01-19,Промисловець,село Борзна,"площа Волокидіна, буд. 14 кв. 27, Володимир-Волинський, 35794",086 690-12-06,viktoriiaiatsenko@example.org
Савенко,Емілія,Петрівна,Жінка,1959-01-26,Реабілітолог,селище Ямпіль,"набережна Ювілейний 2-й, буд. 498, Антрацит, 65944",569 18 28,babkoihor@example.com
Забара,Артем,Максимович,Чоловік,2003-05-20,Музикант,місто Верхньодніпровськ,"площа Азербайджан, буд. 082, Олевськ, 26130",+380 46 030-53-03,nosenkoandrii@example.com
Зінкевич,Климент,Дмитрович,Чоловік,1974-02-04,Перекладач,хутір Шепетівка,"сквер Лятошинського, буд. 806 кв. 516, Нове Давидково, 46578",137-34-97,asirchenko@example.org
Бабій,Вікторія,Миколаївна,Жінка,1990-12-29,Реставратор,село Кобеляки,"парк Мукачівський, буд. 34 кв. 57, Щолкіне, 53601",088 844-77-49,maksymvertyporokh@example.net
Романчук,Єва,Сергіївна,Жінка,1993-11-05,Кухар,селище Таврійськ,"парк Охтирський, буд. 41 кв. 5, Джанкой, 82420",643-14-34,hryhoriikadeniuk@example.net
Піддубний,Охрім,Артемович,Чоловік,1994-01-21,Актор,місто Лебедин,"вулиця Ланжеронівська, буд. 8 кв. 40, Берислав, 83425",+380 (39) 088-05-40,bevzenkoboleslav@example.org
Копитко,Віолетта,Юріївна,Жінка,1976-03-05,Хореограф,хутір Шептицький,"сквер Сумська, буд. 8, Борислав, 67125",+380 52 714 87 26,aleksiichukvasylyna@example.com
Семенченко,Дарина,Богданівна,Жінка,2009-06-22,Випробувач,селище Липовець,"провулок Мирослава Скорика, буд. 982 кв. 244, Керч, 03672",+380 (01) 180-56-94,rhabelko@example.net
Калениченко,Богуслав,Васильович,Чоловік,2010-11-05,Актор,селище Гайворон,"набережна Кутова, буд. 873 кв. 91, Бар, 91111",+380 66 501-76-59,marusiacherinko@example.com
Оліфіренко,Стефан,Віталійович,Чоловік,2006-02-22,Бізнесмен,хутір Середина-Буда,"парк Дністровська, буд. 67 кв. 804, Вугледар, 16997",179-47-99,deinekapanteleimon@example.com
Притула,Микита,Максимович,Чоловік,1971-09-19,Скульптор,селище Южне,"парк Альпіністів, буд. 1, Березне, 87914",+380 96 397-21-96,okseniiatkachenko@example.net
Василевич,Ада,Романівна,Жінка,1988-06-04,Маркетолог,місто Тернопіль,"вулиця Балтський 7-й, буд. 694 кв. 22, Вижниця, 86179",+380 12 455-96-34,valeriisvystun@example.net
Юрчишин,Альберт,Миколайович,Чоловік,1955-05-22,Науковець,хутір Радомишль,"набережна Торгова, буд. 82 кв. 391, Васильків, 13741",045 628-24-69,hmykhailiuk@example.org
Негода,Іван,Юрійович,Чоловік,1946-01-22,Режисер,місто Біла Церква,"узвіз Луценка Івана, буд. 8, Новодружеськ, 92514",019 65 98,dakhnoonysym@example.com
Затовканюк,Гліб,Артемович,Чоловік,1978-07-13,Кінорежисер,село Хоростків,"шосе Училищна, буд. 60, Алушта, 45073",+380 (76) 624-55-45,maksymderevianko@example.org
Павличенко,Богдан,Васильович,Чоловік,1978-03-04,Біолог,хутір Костянтинівка,"парк Шебелінський, буд. 138, Знам'янка, 32210",+380 59 500-00-41,giemets@example.org
Бабійчук,Демид,Анатолійович,Чоловік,1958-01-21,Композитор,хутір Єнакієве,"вулиця Волова, буд. 60, Буча, 10502",426 23 09,vakulenkoeduard@example.net
Затовканюк,Аарон,Юрійович,Чоловік,1977-12-05,Локсмайстер,хутір Перевальськ,"набережна Гетьмана Сагайдачного, буд. 861 кв. 34, Алмазна, 37136",784 69 40,vasylenkoveniiamyn@example.net
Височан,Вадим,Максимович,Чоловік,1954-03-30,Стропальник,хутір Ходорів,"набережна Барвінковий, буд. 2 кв. 27, Каховка, 16015",+380 28 257 84 06,kadeniukadam@example.com
Василевич,Олекса,Миколайович,Чоловік,1958-09-23,Няня,місто Бахчисарай,"проспект Дорожня, буд. 676 кв. 7, Джанкой, 57728",043 102 69 87,mshelest@example.net
Гоголь-Яновський,Варфоломій,Романович,Чоловік,1950-06-03,Круп'є,село Монастирище,"провулок Пiвденний, буд. 8, Вилкове, 61253",+380 75 992-66-20,aleksiichukada@example.net
Оліфіренко,Артем,Дмитрович,Чоловік,1963-05-14,Прокурор,село Хоростків,"парк Лодочний, буд. 6, Городище, 04859",016 926-70-15,zhukvarvara@example.org
Гаврилець,Варвара,Романівна,Жінка,1963-08-14,Пекар,хутір Монастирище,"узвіз Санаторний, буд. 19 кв. 2, Алушта, 13624",081 985-93-66,emishchenko@example.net
Ванченко,Емілія,Віталіївна,Жінка,2008-10-31,Педагог,селище Часів Яр,"набережна Кутова, буд. 570, Стебник, 34865",+380 80 580 21 63,havryshkevychdanylo@example.org
Андріїшина,Софія,Сергіївна,Жінка,2003-01-16,Клоун,хутір Радомишль,"площа Ф. Пішеніна, буд. 78, Макіївка, 43242",+380 13 761-27-60,davyd69@example.org
Шиян,Костянтин,Іванович,Чоловік,2004-09-04,Актор,місто Бобринець,"провулок Кипарисний 2-й, буд. 06, Моспине, 74671",+380 95 399-29-69,orysia84@example.net
Гавришкевич,Богуслава,Віталіївна,Жінка,1975-09-22,Мірошник,село Верхівцеве,"площа Роздольна, буд. 2 кв. 171, Радомишль, 57774",+380 (43) 978-01-51,vkabanenko@example.com
Яремко,Юхим,Володимирович,Чоловік,1973-08-07,Вчитель,хутір Рава-Руська,"сквер Поліська, буд. 560, Бучач, 54960",+380 (02) 566-89-56,bderiazhna@example.com
Артюх,Світлана,Олександрівна,Жінка,1969-02-04,Етнограф,село Яремче,"вулиця Мукачівський, буд. 480, Таврійськ, 38280",+380 82 018-38-03,les80@example.org
Олійник,Розалія,Артемівна,Жінка,1965-04-11,Електромонтер,село Хрустальний,"набережна Сміливий, буд. 556 кв. 451, Ровеньки, 73927",+380 66 396-44-53,dmytro35@example.com
Артеменко,Емілія,Андріївна,Жінка,2000-01-28,Випробувач,хутір Бучач,"парк Навігаційний, буд. 11 кв. 3, Березне, 26009",046 723-31-15,iarynatarasenko@example.net
Дробаха,Ігнат,Олегович,Чоловік,1946-07-06,Клавішник,місто Антрацит,"проспект Поштовий, буд. 68, Глухів, 33165",+380 67 206 19 75,shutkoedyta@example.com
Годунок,Василина,Василівна,Жінка,2009-07-18,Ботанік,хутір Щолкіне,"проспект Тираспольська, буд. 090 кв. 42, Бобровиця, 96818",+380 63 259-90-09,ielysei40@example.com
Чумак,Микита,Васильович,Чоловік,2001-01-14,Електротехнік,село Іршава,"провулок Чорноморка, буд. 35, Мирноград, 02596",065 698 74 90,anzhela02@example.org
Примаченко,Прохір,Михайлович,Чоловік,1996-03-12,Лікар,село Алушта,"проспект Лінія 54-та, буд. 08, Рогатин, 41117",842-60-38,priskademianiuk@example.net
Цісик,Олена,Євгенівна,Жінка,1958-11-16,Бізнесмен,хутір Єнакієве,"шосе Рівний, буд. 42 кв. 163, Броди, 54052",+380 68 359-29-27,oiurchuk@example.net
Дзиндра,Варвара,Богданівна,Жінка,1958-07-31,Живописець,місто Борщів,"провулок Бахчисарайська, буд. 15, Світлодарськ, 34846",653 82 82,deisunviacheslav@example.org
Пилипенко,Михайлина,Володимирівна,Жінка,2010-09-02,Інженер,хутір Полтава,"узвіз Зоопаркова, буд. 33 кв. 565, Чернівці, 65910",034 766 57 12,hordii30@example.org
Дурдинець,Ігор,Романович,Чоловік,1963-10-19,Петрограф,село Прип'ять,"площа Йоганна Ансельма, буд. 976 кв. 52, Ровеньки, 41560",+380 (02) 137-86-84,alekseienkoustym@example.org
Сірченко,Арсен,Михайлович,Чоловік,1995-11-09,Машиніст,хутір Полтава,"вулиця Безіменний, буд. 470 кв. 0, Енергодар, 96093",056 777 63 22,ideineko@example.com
Чекалюк,Опанас,Романович,Чоловік,1996-07-06,Письменник,хутір Ясинувата,"провулок Бейтельсбахера, буд. 6, Дергачі, 21641",+380 88 006-88-87,okseniia58@example.net
Проценко,Орися,Дмитрівна,Жінка,1957-12-18,Фармацевт,село Острог,"площа Кришталева, буд. 31, Сновськ, 79841",+380 23 685-56-37,mariia14@example.net
Вернидуб,Юстина,Іванівна,Жінка,1945-09-25,Ґрунтознавець,хутір Отаманівка,"провулок Балтський 2-й, буд. 70 кв. 8, Чугуїв, 91876",036 864 21 79,ideineka@example.org
Валенко,Василь,Віталійович,Чоловік,1979-02-13,Візажист,село Олевськ,"узвіз Юннатів 1-й, буд. 5, Острог, 46635",+380 04 941-60-53,bfilipenko@example.com
Голобородько,Артем,Анатолійович,Чоловік,1947-07-29,Електромонтер,хутір Судак,"узвіз Віри Інбер, буд. 1 кв. 84, Черкаси, 58410",010 714 47 97,alina99@example.net
Гоголь,Марина,Максимівна,Жінка,1958-02-02,Громадський діяч,місто Зміїв,"сквер Велика Арнаутська, буд. 621, Мирноград, 17832",+380 (72) 025-44-27,illia94@example.net
Андрійович,Назар,Богданович,Чоловік,1973-09-27,Клавішник,хутір Карлівка,"проспект Шевальових, буд. 68 кв. 582, Гірник, 95516",+380 43 411 84 94,solomon81@example.org
Вітрук,Михайло,Михайлович,Чоловік,1982-01-29,Геофізик,селище Лебедин,"вулиця Шахтинський, буд. 67, Одеса, 12171",343-23-92,tsarenkooleh@example.com
Дейнека,Христина,Анатоліївна,Жінка,1965-08-28,Дизайнер,селище Вовчанськ,"сквер Проектований 4-й, буд. 457 кв. 90, Судова Вишня, 79965",+380 22 079-59-93,leontiifastenko@example.org
Лупій,Олесь,Максимович,Чоловік,1979-07-09,Соціолог,місто Новий Розділ,"провулок Буковинська, буд. 13, Валки, 82847",+380 37 459-54-10,zarubaarsen@example.net
Чабан,Григорій,Олегович,Чоловік,1992-11-05,Правник,село Златопіль,"проспект Дубова, буд. 7, Костопіль, 61314",+380 05 266-65-57,emiliia68@example.net
Цушко,Ольга,Василівна,Жінка,1993-04-16,Ґрунтознавець,селище Саки,"парк Авіаторів, буд. 6 кв. 4, Болград, 55193",549-61-58,sirvanets@example.com
Носенко,Камілла,Ігорівна,Жінка,1985-08-06,Кушнір,село Мала Виска,"площа Вознесенський, буд. 516 кв. 596, Мелітополь, 29177",062 197 96 51,mykhaliukoleh@example.org
Таран,Демид,Володимирович,Чоловік,1977-01-07,Мовознавець,хутір Заводське,"площа 6-та Лінія Марії Демченко, буд. 88, Ялта, 63556",261 60 86,nshamrai@example.net
Єсипенко,Алевтин,Андрійович,Чоловік,1990-09-29,Дантист,місто Житомир,"узвіз Привокзальна, буд. 1 кв. 09, Шепетівка, 18589",+380 93 032-91-87,cchaban@example.net
Носаченко,Алевтин,Артемович,Чоловік,1964-04-13,Продюсер,село Зіньків,"парк Ольвійська, буд. 72 кв. 747, Біла Церква, 40401",+380 70 911-31-95,kyrylo06@example.net
Щербак,Марина,Ігорівна,Жінка,2007-10-06,Єгер,місто Охтирка,"проспект Новосельского, буд. 56, Зеленодольськ, 14544",+380 36 332-38-30,amaliialubenets@example.net
Оніщук,Гордій,Володимирович,Чоловік,1972-07-25,Фермер,хутір П'ятихатки,"площа Прибережний, буд. 44, Носівка, 12742",751-00-30,fediriakovenko@example.com
Овсієнко,Ігнат,Романович,Чоловік,2000-10-05,Слідчий,селище Енергодар,"парк Листяна, буд. 927 кв. 748, Яворів, 20311",012 29 72,omelianandriishyn@example.com
Скопенко,Яків,Дмитрович,Чоловік,1954-06-14,Стиліст,хутір Скадовськ,"набережна Східчастий 3-й, буд. 7 кв. 43, Зміїв, 26609",+380 (92) 141-36-33,pavlo77@example.org
Романенко,Орест,Петрович,Чоловік,1996-12-26,Каскадер,хутір Сокаль,"вулиця узвіз Віталія Блажка, буд. 5, Арциз, 89139",047 631 65 79,khrystyna33@example.org
Данько,Орест,Юрійович,Чоловік,1979-05-06,Модельєр,хутір Ізяслав,"набережна Абрикосова, буд. 8, Світлодарськ, 72424",+380 10 892-52-25,iukhymenkoolena@example.net
Гавриш,Богдан,Володимирович,Чоловік,1968-11-19,Євнух,хутір Антрацит,"набережна Рівності, буд. 679 кв. 436, Підгайці, 89963",+380 (01) 818-52-27,demyd60@example.net
Демʼяненко,Вадим,Юрійович,Чоловік,1964-02-21,Електромонтер,село Ізяслав,"шосе Ямчитського, буд. 112, Черкаси, 14360",+380 81 009-55-66,zorianzinchuk@example.com
Бабариченко,Богуслав,Васильович,Чоловік,1952-12-01,Футболіст,село Старобільськ,"шосе Ірини Жиленко, буд. 26 кв. 67, Городище, 61519",+380 29 885-59-71,piesypenko@example.net
Проценко,Ірина,Сергіївна,Жінка,1957-04-25,Ботанік,хутір Нікополь,"парк Лінійна, буд. 546 кв. 9, Бахмач, 14806",010 688 03 51,savenkotaras@example.com
Александренко,Миколай,Олегович,Чоловік,1954-12-26,Пілот,місто Маріуполь,"провулок Український 1-й, буд. 848, Євпаторія, 54705",+380 92 679-36-33,simashkevychsvitlana@example.org
Артимович,Богданна,Петрівна,Жінка,2003-05-25,Антрополог,селище Хорол,"провулок Лінія 51-ша, буд. 92, Іловайськ, 85746",+380 18 178-64-48,romanshovkoplias@example.com
Лесик,Мілена,Артемівна,Жінка,1961-01-14,Гірничий інженер,місто Оріхів,"шосе Литовська, буд. 31 кв. 6, Кілія, 14309",+380 22 661 06 33,tychynakostiantyn@example.org
Балабан,Миколай,Анатолійович,Чоловік,1994-01-02,Скульптор,селище Андрушівка,"шосе Різовська, буд. 7 кв. 42, Яремче, 85826",098 419-86-29,ehunko@example.com
Уманець,Віталій,Романович,Чоловік,2004-08-20,Піаніст,селище Арциз,"провулок Любомира Гузара, буд. 630 кв. 5, Обухів, 95799",010 704-42-97,davydiermolenko@example.com
Непорожній,Людмила,Богданівна,Жінка,1997-08-03,Бібліограф,місто Світлодарськ,"площа Новаторів, буд. 07, Олевськ, 24543",+380 36 321-51-20,pdzhun@example.com
Шутько,Ліза,Анатоліївна,Жінка,1985-08-16,Парфюмер,місто Миргород,"узвіз Олександра Тимошенка, буд. 0 кв. 5, Берестин, 03129",+380 50 227 26 22,symoniushchenko@example.net
Штепа,Степан,Петрович,Чоловік,1979-12-05,Фольклорист,хутір Єнакієве,"парк Локомотивний 3-й, буд. 958 кв. 41, Кривий Ріг, 61374",013 720 84 08,heorhiilukash@example.org
Єфименко,Володимир,Сергійович,Чоловік,1967-11-22,Бізнесмен,селище Новоазовськ,"парк Олександрійський, буд. 9, Бахмач, 23956",+380 59 017-84-95,irynadashenko@example.net
Засенко,Стефан,Володимирович,Чоловік,1996-08-19,Золотар,селище Рогатин,"площа Рельєфна, буд. 471, Кременець, 97130",+380 60 106-88-86,habelkovasyl@example.org
Верховинець,Алевтин,Богданович,Чоловік,1997-11-11,Науковець,місто Керч,"узвіз Миколи Плигуна, буд. 24 кв. 778, Жовті Води, 01381",+380 (68) 441-83-86,arsen28@example.org
Ященко,Віра,Юріївна,Жінка,1976-09-13,Ґрунтознавець,хутір Богуслав,"площа Миколи Пильчикова, буд. 875, Лиман, 74517",+380 08 063 12 39,olenabezborodko@example.net
Євтушенко,Віктор,Євгенович,Чоловік,1969-08-01,Художник,місто Чернівці,"площа Миколи Троїцького, буд. 449, Гірник, 26379",+380 98 023-53-40,qkharchenko@example.org
Гавришкевич,Ольга,Максимівна,Жінка,1993-10-05,Штукатур,село Шпола,"проспект Профспілкова, буд. 220 кв. 719, Багачеве, 80741",673 89 33,adam28@example.org
Юрчук,Феофан,Максимович,Чоловік,1983-06-20,Складальник,місто Світловодськ,"шосе Барвінковий, буд. 66 кв. 000, Львів, 47262",065 397 30 83,cmishchenko@example.org
Литвин,Микита,Романович,Чоловік,1979-01-09,Інженер,селище Скалат,"парк Гайова, буд. 124 кв. 13, Вараш, 59846",+380 10 373-14-37,kamilla28@example.net
Аврамчук,Дан,Олександрович,Чоловік,1967-02-22,Мовознавець,селище Яготин,"сквер Матеріальний 1-й, буд. 1, Мукачево, 59992",+380 30 074-95-69,anita67@example.org
Шаповал,Марʼяна,Євгенівна,Жінка,1954-10-23,Піаніст,село Жмеринка,"проспект Проектований 4-й, буд. 834, Волноваха, 22518",673-87-98,vlasiukvalentyn@example.com
Семенченко,Сніжана,Сергіївна,Жінка,1974-01-10,Біолог,селище Вільнянськ,"провулок тупик Хвиля, буд. 0 кв. 76, Прип'ять, 21704",+380 17 813-79-39,sviatoslav88@example.net
Нестайко,Данна,Іванівна,Жінка,1985-02-14,Ґрунтознавець,село Донецьк,"набережна Вапняна, буд. 37, Нове Давидково, 07753",045 921 06 95,bohdandemianiuk@example.org
Вдовенко,Валентина,Ігорівна,Жінка,1974-04-29,Круп'є,селище Герца,"вулиця Валіховський, буд. 7 кв. 8, Родинське, 84676",+380 (27) 043-63-09,nshelest@example.org
Якименко,Тереза,Олександрівна,Жінка,1972-04-23,Пекар,хутір Болград,"проспект Палія Семена, буд. 856, Мала Виска, 52816",810 97 60,hennadii96@example.org
Микитюк,Охрім,Петрович,Чоловік,2004-02-05,Художник,місто Хрестівка,"вулиця Десятого квітня, буд. 34, Соледар, 81471",762-21-01,vbaidak@example.com
Карпа,Борислав,Анатолійович,Чоловік,1960-09-30,Актор,селище Сватове,"сквер Шостої 2-й, буд. 92, Кремінна, 92590",+380 93 773-56-02,nkadeniuk@example.com
Мамчур,Святослав,Михайлович,Чоловік,2008-11-16,Кінорежисер,село Зоринськ,"узвіз Шилова, буд. 897 кв. 33, Кам'янка (Черкаська область), 06099",+380 (63) 172-30-51,davydopanasenko@example.net
Цибуленко,Віолетта,Артемівна,Жінка,1949-04-04,Намотувальник,село Олевськ,"набережна Лодочний, буд. 9, Івано-Франківськ, 45464",+380 (62) 451-19-90,cbezborodko@example.org
Свистун,Трохим,Петрович,Чоловік,1973-02-10,Менеджер,хутір Андрушівка,"провулок Західний 3-й, буд. 3 кв. 52, Вишневе, 34426",+380 27 695-95-58,snizhana67@example.com
Давимука,Дмитро,Дмитрович,Чоловік,1977-01-30,Машиніст,місто Чигирин,"провулок Яблунева, буд. 823, Балта, 30785",036 266-69-76,ishmorhun@example.com
Гаврилишина,Ольга,Ігорівна,Жінка,1953-02-01,Архітектор,селище Старий Крим,"провулок Виїзна, буд. 440, Гірське, 09203",048 485-70-36,ielyseidotsenko@example.com
Лупій,Симон,Олегович,Чоловік,1983-09-06,Продюсер,хутір Дергачі,"площа Рельєфна, буд. 572 кв. 942, Зимогір'я, 78564",020 371 91 60,zakharchenkooryna@example.net
Семенченко,Лесь,Дмитрович,Чоловік,1954-06-10,Музикознавець,місто Василівка,"узвіз Романтичний, буд. 492, Миронівка, 94257",+380 52 839 49 44,nredko@example.org
Заєць,Семен,Віталійович,Чоловік,1953-05-04,Няня,село Ічня,"узвіз Кавказька, буд. 551, Корсунь-Шевченківський, 16842",+380 06 414-01-83,bohuslava40@example.org
Масоха,Давид,Олександрович,Чоловік,1984-05-01,Історик,селище Скалат,"узвіз Шефська, буд. 84 кв. 223, Борщів, 15281",010 091 88 77,dotsenkomykyta@example.net
Байрак,Веніямин,Васильович,Чоловік,1985-06-14,Флорист,селище Зеленодольськ,"проспект Ярослава Баїса, буд. 7, Шахтарське, 29805",+380 91 828-81-85,tsushkoviktoriia@example.org
Охріменко,Наталія,Олегівна,Жінка,2001-01-16,Музикознавець,хутір Баштанка,"шосе Сільська, буд. 451 кв. 2, Харків, 87118",051 530-99-38,viacheslav46@example.net
Бабак,Борис,Анатолійович,Чоловік,1988-09-25,Продюсер,село Ковель,"парк Яблучна, буд. 17, Богодухів, 23850",+380 39 910-30-15,ssirko@example.net
Запорожець,Ігнат,Юрійович,Чоловік,1984-08-17,Кінокритик,селище Саки,"вулиця Митна, буд. 3 кв. 5, Вишгород, 09051",048 307-37-47,bohdan48@example.com
Власенко,Ольга,Іванівна,Жінка,1994-12-05,Ґрунтознавець,хутір Оріхів,"узвіз Слави, буд. 2 кв. 08, Ржищів, 41260",031 068 62 28,ievhen01@example.net
Величко,Сніжана,Олегівна,Жінка,1999-08-20,Економіст,місто Часів Яр,"шосе Тупиковий 1-й, буд. 31, Шептицький, 03808",+380 (78) 687-03-37,bdemydenko@example.net
Цісик,Ірена,Іванівна,Жінка,2008-06-02,Акушер,село Запоріжжя,"провулок Молоді, буд. 4, Сквира, 31904",+380 53 995 95 45,khomakharchenko@example.net
Швайка,Валентин,Віталійович,Чоловік,1964-02-19,Фермер,хутір Роздільна,"шосе Естонська, буд. 2, Білопілля, 31454",058 386 25 87,danchukalla@example.org
Туркало,Леопольд,Васильович,Чоловік,1988-10-07,Парфюмер,місто Сколе,"проспект Матюшенка, буд. 98 кв. 1, Глухів, 89746",+380 96 751 02 74,cfomenko@example.net
Давиденко,Мирослав,Артемович,Чоловік,1961-08-13,Графік,місто Олександрівськ,"провулок Акордна, буд. 59, Трускавець, 31013",+380 01 560-83-86,radchenkonadiia@example.com
Зубко,Феофан,Петрович,Чоловік,1992-12-07,Режисер,хутір Здолбунів,"набережна Юрія Яновського, буд. 956 кв. 569, Свалява, 63298",+380 75 605-61-05,goliashihor@example.net
Гайворонський,Стефан,Ігорович,Чоловік,1975-05-28,Менеджер,хутір Путивль,"парк Грушева, буд. 71, Білозерське, 65219",044 703 09 77,haidaburaada@example.com
Петрик,Єлисей,Васильович,Чоловік,1954-06-28,Антрополог,село Чорнобиль,"парк Куликове поле, буд. 33 кв. 3, Сокологірськ, 98377",944-97-77,sachenkoorest@example.net
Козак,Святослава,Миколаївна,Жінка,1948-12-11,Каскадер,хутір Таврійськ,"проспект Чехівського, буд. 602, Ніжин, 98170",+380 57 716-88-29,ivanchornovil@example.org
Корсун,Данна,Володимирівна,Жінка,1947-02-01,Біолог,місто Верхньодніпровськ,"провулок Польський узвіз, буд. 2, Рені, 55155",217 95 52,havrylyshynopanas@example.com
Ющенко,Павло,Іванович,Чоловік,2004-05-31,Науковець,місто Новгород-Сіверський,"провулок Чорноморський 5-й, буд. 88 кв. 650, Запоріжжя, 62168",+380 14 969 90 76,sbevzenko@example.net
Сацюк,Арсен,Юрійович,Чоловік,1953-02-20,Науковець,селище Житомир,"вулиця Партизанської слави, буд. 04, Алмазна, 89505",+380 (91) 525-75-87,klymenttymchenko@example.net
Сацюк,Клавдія,Романівна,Жінка,1977-09-29,Бізнесмен,село Почаїв,"узвіз Суднобудівний, буд. 886 кв. 9, Авдіївка, 11309",+380 12 132-35-47,bohuslavmasokha@example.net
Верхола,Аркадій,Володимирович,Чоловік,1964-03-14,Флорист,хутір Вашківці,"парк Чорноморський 7-й, буд. 2 кв. 3, Мирноград, 46634",+380 01 106 72 82,martyn39@example.org
Михайличенко,Одарка,Олександрівна,Жінка,2009-09-16,Дерун,село Сокологірськ,"узвіз Манежний, буд. 05, Олешки, 32727",619 33 16,teodorlavrenko@example.net
Бездітко,Аліна,Михайлівна,Жінка,1951-12-12,Інженер,хутір Сокаль,"сквер Деревообробний 2-й, буд. 788, Жовква, 87829",559 51 81,aprymachenko@example.com
Худобʼяк,Василь,Олегович,Чоловік,1962-05-01,Журналіст,селище Ровеньки,"парк Ольги Благовидової, буд. 66 кв. 1, Жидачів, 88948",+380 46 458-17-62,demydadamenko@example.net
Чекалюк,Ілля,Євгенович,Чоловік,1966-03-07,Гицель,село Перемишляни,"площа Хімічний 3-й, буд. 7, Подільськ, 02609",462 96 73,andrusenkoheorhii@example.net
Гавриленко,Анастасія,Євгенівна,Жінка,1975-09-09,Кінорежисер,хутір Чугуїв,"вулиця Балтський 5-й, буд. 5 кв. 167, Новоукраїнка, 95194",186-99-90,orysiaabramenko@example.org
Смик,Опанас,Віталійович,Чоловік,2006-07-25,Гицель,хутір Карлівка,"вулиця Пересипська 10-та, буд. 80, Кодима, 05041",+380 (82) 002-35-10,lovcharenko@example.net
Ващенко,Христина,Дмитрівна,Жінка,1952-06-12,Ріелтор,селище Мостиська,"парк Кладовищний, буд. 46 кв. 0, Бахмач, 53588",+380 32 916-15-74,mykolaikhudiak@example.com
Швачка,Мирослав,Анатолійович,Чоловік,1992-09-01,Математик,хутір Глиняни,"парк Олександра Юрженка, буд. 410, Дрогобич, 03802",+380 91 237 67 81,havriushenkodemyd@example.com
Деркач,Гаврило,Володимирович,Чоловік,1991-08-16,Модель,село Дунаївці,"шосе Амундсена, 2-й, буд. 8 кв. 490, Часів Яр, 65614",+380 43 293-92-52,nadiia91@example.net
Фесенко,Гліб,Віталійович,Чоловік,1959-05-13,Журналіст,село Путивль,"площа Рівний, буд. 00, П'ятихатки, 17522",212-81-89,teodorpanchuk@example.net
Дробаха,Нестор,Олександрович,Чоловік,2005-07-25,Промисловець,хутір Олександрія,"провулок Клинова, буд. 5 кв. 552, Чугуїв, 22911",+380 (28) 407-83-81,teodorhabelko@example.net
Штокало,Опанас,Юрійович,Чоловік,1983-06-19,Патологоанатом,село Марганець,"площа Пересипська 1-ша, буд. 898, Тернівка, 03679",+380 35 022-60-01,stanislav50@example.com
Черненко,Олесь,Андрійович,Чоловік,2000-12-08,Дипломат,хутір Хотин,"набережна Богдана Хмельницького, буд. 6, П'ятихатки, 54313",+380 84 123-08-53,watamanchuk@example.com
Жаліло,Марія,Максимівна,Жінка,1991-02-17,Професор,хутір Ковель,"парк Кінна, буд. 444, Снятин, 76735",096 98 21,khoma19@example.net
Теличенко,Ліза,Володимирівна,Жінка,1986-10-21,Електромонтер,хутір Дергачі,"парк Молоді, буд. 482, Харків, 74609",+380 69 464-06-55,danylchukostap@example.net
Царенко,Лариса,Богданівна,Жінка,1990-10-19,Музикант,хутір Верхньодніпровськ,"площа Тиха, буд. 08, Вишгород, 41079",+380 30 962-60-44,nazarenkoiryna@example.org
Забіла,Едуард,Дмитрович,Чоловік,2006-05-26,Кінолог,хутір Кремінна,"провулок Деревообробний 5-й, буд. 4, Середина-Буда, 46312",653 13 11,bhydenkoboryslav@example.com
Чекалюк,Роксолана,Андріївна,Жінка,1984-02-19,Диригент,хутір Гуляйполе,"шосе Дігтярна, буд. 32, Хоростків, 45723",+380 60 553 01 23,mariia38@example.net
Лаба,Єфрем,Артемович,Чоловік,1953-12-07,Різноробочий,місто Хуст,"узвіз Пересипська 3-тя, буд. 241, Інкерман, 30733",971-80-88,aleksandrenkovadym@example.com
Хмара,Ростислав,Богданович,Чоловік,1958-07-08,Публіцист,місто Хуст,"узвіз Восьмого березня 2-й, буд. 54 кв. 593, Помічна, 60106",+380 (39) 399-70-59,milena44@example.net
Засенко,Розалія,Євгенівна,Жінка,1968-04-27,Фрілансер,хутір Валки,"провулок Василя Капніста, буд. 1 кв. 94, Глухів, 87063",+380 83 055-04-75,malykdan@example.net
Міщенко,Галина,Юріївна,Жінка,1946-07-28,Педагог,хутір Дергачі,"площа Цукровий, буд. 8 кв. 7, Обухів, 99616",+380 (16) 199-96-55,cmalyshko@example.net
Журавель,Олена,Сергіївна,Жінка,1948-05-04,Диригент,селище Херсон,"проспект Волинський, буд. 17, Острог, 82376",620-70-98,okseniiaradchenko@example.com
Бебешко,Вадим,Васильович,Чоловік,1985-05-14,Акушер,село Багачеве,"парк Фруктова, буд. 02, Монастириська, 31953",+380 (57) 837-15-26,demiantytarenko@example.com
Скорик,Пантелеймон,Євгенович,Чоловік,1971-03-20,Клоун,хутір Ужгород,"вулиця Ботанічний, буд. 3, Нове Давидково, 19198",+380 56 451-27-27,tereshchuksviatoslava@example.org
Яременко,Оксана,Артемівна,Жінка,1964-10-09,Головний меркшейдер,місто Моспине,"провулок Таїрова, буд. 0 кв. 48, Рогатин, 16533",055 837-37-23,frantsabramchuk@example.net
Павлик,Людмила,Юріївна,Жінка,1977-05-02,Модельєр,місто Новоазовськ,"парк Вишнева, буд. 1 кв. 07, Овруч, 55413",737 62 69,emiliiababii@example.org
Абраменко,Марко,Віталійович,Чоловік,1992-11-15,Конструктор,село Зборів,"провулок Дніпропетровська дорога, буд. 98, Лутугине, 50127",014 671-72-15,olutsenko@example.com
Жаліло,Ірена,Володимирівна,Жінка,1987-09-12,Мовознавець,село Харків,"набережна Георгія Гамова, буд. 5 кв. 9, Добромиль, 01587",820 92 11,marta36@example.org
Бевз,Венедикт,Юрійович,Чоловік,1963-10-15,Мінералог,хутір Сокиряни,"шосе Шкіперська, буд. 708 кв. 824, Южне, 87573",+380 42 276-78-62,heorhii34@example.com
Товстуха,Леопольд,Миколайович,Чоловік,1968-04-17,Детектив,селище Боково-Хрустальне,"сквер 8-ма Лінія 6-й ст. Люстдорфської дороги, буд. 52, Тисмениця, 15443",094 189-80-23,rtsymbal@example.org
Атаманюк,Олег,Артемович,Чоловік,1947-08-19,Стиліст,хутір Вишгород,"провулок Радісний, буд. 22 кв. 806, Коростишів, 57058",197 87 27,jshutko@example.org
Овсієнко,Софія,Михайлівна,Жінка,1979-07-17,Гінеколог,місто Глиняни,"парк Харківська, буд. 343 кв. 085, Костянтинівка, 07294",227-74-95,vladyslavbezditko@example.net
Зінчук,Яків,Романович,Чоловік,1974-07-20,Кіноактор,селище Шостка,"сквер Адміральський, буд. 9 кв. 472, Сквира, 53707",200 35 91,levko16@example.net
Єрмоленко,Соломія,Сергіївна,Жінка,2009-08-28,Нотаріус,місто Здолбунів,"провулок Лінія 49-та, буд. 0, Золотоноша, 57458",717-74-50,rudkoherman@example.org
Полтавець,Пріска,Петрівна,Жінка,1964-03-21,Медик,місто Долина,"проспект Об'їзна дорога, буд. 993 кв. 157, Єнакієве, 43300",890-08-49,onysymriabovil@example.org
Голобородько,Олександр,Іванович,Чоловік,1998-10-15,Клавішник,місто Євпаторія,"набережна Картамишевський, буд. 7 кв. 032, Зеленодольськ, 45326",+380 (97) 372-96-84,kozachenkoievhen@example.com
Лавренко,Анастасія,Ігорівна,Жінка,1954-12-13,Різноробочий,селище Бібрка,"провулок Ботанічний, буд. 40 кв. 1, Рівне, 16565",+380 61 400-48-05,mariia01@example.com
Тимченко,Петро,Миколайович,Чоловік,1952-06-22,Футболіст,хутір Радехів,"парк Малинова, буд. 359 кв. 6, Олександрівськ, 28921",+380 90 403-68-01,viktorivanychuk@example.org
Юхименко,Павло,Анатолійович,Чоловік,1997-01-30,Палеонтолог,селище Тернопіль,"узвіз Сміливий, буд. 333 кв. 2, Моршин, 60940",141-16-00,qhavryshkevych@example.net
Колодуб,Теодор,Максимович,Чоловік,1953-04-13,Юрист,місто Київ,"парк Офіцерська, буд. 8 кв. 4, Міусинськ, 32814",003 795 60 49,iurchyshyniarema@example.org
Джус,Стефан,Сергійович,Чоловік,2004-12-11,Продюсер,селище Новомиргород,"набережна Віктора Скаржинського узвіз, буд. 060 кв. 47, Радехів, 63175",+380 90 554 62 77,ddrozdenko@example.com
Атаманчук,Вʼячеслав,Анатолійович,Чоловік,1952-11-30,Кінорежисер,хутір Ржищів,"сквер Миколи Леонтовича, буд. 97, Сновськ, 52522",+380 08 480-42-68,chalenkosemen@example.net
Хорішко,Руслан,Романович,Чоловік,1994-07-31,Мистецтвознавець,селище Часів Яр,"парк Балтський 7-й, буд. 15, Залізне, 86289",481-14-22,fartushniakiarema@example.org
Франчук,Лілія,Сергіївна,Жінка,1998-04-16,Випробувач,селище Скалат,"набережна Мазепи Івана, буд. 45 кв. 78, Красноперекопськ, 02746",093 254 75 55,derkachmariia@example.com
Рубець,Ілля,Юрійович,Чоловік,1993-10-13,Агроном,хутір Кодима,"площа 3-тя Лінія Марії Демченко, буд. 342 кв. 5, Калуш, 98366",026 449 23 90,iustymtelizhenko@example.org
Алексюк,Юстим,Артемович,Чоловік,1969-01-25,Модельєр,місто Гайворон,"площа Моторний 2-й, буд. 9, Середина-Буда, 21686",+380 73 951-46-24,varvara63@example.com
Гаврилишин,Василина,Євгенівна,Жінка,1985-04-16,Філолог,хутір Кривий Ріг,"сквер Цебриківська, буд. 847 кв. 805, Красилів, 88346",+380 21 113 86 14,zasiadkoserhii@example.org
Габелко,Камілла,Артемівна,Жінка,1962-11-10,Кінорежисер,хутір Остер,"провулок Картамишевська, буд. 84 кв. 83, Зеленодольськ, 97186",+380 03 357-28-27,egalagan@example.net
Усик,Стефан,Олександрович,Чоловік,1995-08-31,Археолог,хутір Ізмаїл,"вулиця Тракторна, буд. 294, Саки, 51267",+380 (23) 677-69-29,zorianartiukh@example.com
Цимбал,Гордій,Віталійович,Чоловік,2005-03-10,Ді-джей,хутір Ічня,"проспект Одеса-Головна, буд. 97 кв. 49, Новоукраїнка, 90053",263 99 94,vira45@example.net
Шморгун,Венедикт,Андрійович,Чоловік,1958-04-12,Педагог,місто Бровари,"узвіз Тополина, буд. 5, Ананьїв, 99474",+380 62 400 37 95,kybkaloartem@example.com
Матвієнко,Теодор,Миколайович,Чоловік,1965-03-20,Графік,місто Олександрівськ,"провулок Кодимський, буд. 162, Богодухів, 77106",+380 (57) 714-71-02,solomiiabazavluchenko@example.com
Жадан,Еріка,Євгенівна,Жінка,1990-01-24,Електромонтажник,селище Бершадь,"сквер Купріна, буд. 82 кв. 27, Голубівка, 32623",095 679 96 63,nalyvaikovitalii@example.org
Ярош,Тетяна,Дмитрівна,Жінка,2009-02-02,Ріелтор,місто Дніпрорудне,"сквер Гранатний, буд. 80 кв. 17, Овруч, 81301",244-04-63,marusiazatula@example.org
Чміль,Єлисавета,Анатоліївна,Жінка,1998-10-19,Шериф,місто Бориспіль,"парк Танкістів, буд. 577, Чорноморськ, 20077",060 586-36-26,nriabchenko@example.org
Сацюк,Соломія,Іванівна,Жінка,1995-12-05,Бухгалтер,село Нова Каховка,"парк Нафтовиків 3-й, буд. 28 кв. 14, Міусинськ, 04152",+380 04 838-37-61,boleslav14@example.com
Єфименко,Марта,Миколаївна,Жінка,1986-03-16,Кінорежисер,селище Золотоноша,"площа 1-й Академічний тупик, буд. 78, Старокостянтинів, 79200",+380 (10) 780-54-53,nataliiaonufriienko@example.com
Талан,Леон,Артемович,Чоловік,1983-12-19,Менеджер,село Стрий,"узвіз Івасюка Володимира, буд. 59 кв. 605, Сніжне, 40379",+380 12 590 47 77,bohuslav28@example.net
Жаліло,Альбіна,Богданівна,Жінка,1963-02-04,Патологоанатом,село Соледар,"набережна Глухий міст, буд. 1 кв. 652, Таврійськ, 76902",778 34 22,ielysei05@example.org
Павличенко,Хома,Олександрович,Чоловік,1948-08-23,Гінеколог,місто Яремче,"узвіз Отамана Чепіги, буд. 29, Олешки, 14055",240 61 91,marko97@example.com
Шамрай,Геннадій,Дмитрович,Чоловік,1946-03-17,Зоолог,село Кременчук,"узвіз Юрія Кондратюка, буд. 497 кв. 9, Чортків, 43370",727-54-73,kamillaartymovych@example.com
Жарко,Марія,Андріївна,Жінка,1997-01-20,Шериф,місто Погребище,"проспект Андросовський, буд. 688, Часів Яр, 58486",416 50 12,dereviankoalbina@example.com
Цюпа,Григорій,Артемович,Чоловік,1950-05-27,Історик,хутір Остер,"площа Азербайджан, буд. 45, Глиняни, 68828",000 547 13 28,tereza99@example.com
Шеремета,Яків,Євгенович,Чоловік,2001-09-27,Єгер,хутір Хотин,"узвіз Бахмутська, буд. 5 кв. 9, Миргород, 62172",+380 10 624-63-33,olesiesypenko@example.com
Кибкало,Орест,Віталійович,Чоловік,2002-06-23,Гицель,село Феодосія,"шосе Старобазарний, буд. 444 кв. 16, Вінниця, 62037",049 58 77,tytarenkopavlo@example.org
Носенко,Спас,Володимирович,Чоловік,1974-04-17,Кухар,село Кагарлик,"набережна Приморський, буд. 530 кв. 8, Винники, 27137",+380 (48) 283-17-82,marynadashkevych@example.net
Дутка,Лукʼян,Віталійович,Чоловік,2001-08-01,Футболіст,село Кипуче,"провулок Професора Коровицького, буд. 863 кв. 28, Кальміуське, 39604",427-26-44,kcherinko@example.com
Височан,Андрій,Артемович,Чоловік,1945-07-31,Намотувальник,хутір Тернопіль,"проспект Десантний, буд. 85 кв. 2, Олевськ, 61974",827 95 95,baidakalbina@example.net
Жук,Гордій,Романович,Чоловік,2010-05-30,Паблік рилейшнз,хутір Вознесенськ,"проспект Флотський 2-й, буд. 4, Путивль, 38958",076 359 18 92,rpavlychenko@example.net
Устенко,Ігнат,Андрійович,Чоловік,2010-07-07,Клавішник,село Гірник,"площа Павла Клепацького, буд. 83, Копичинці, 67338",031 93 50,klavdiia46@example.net
Голик,Пармен,Сергійович,Чоловік,1951-04-12,Літературознавець,місто Винники,"набережна Каберне, буд. 582, Луганськ, 28735",311-50-06,shovkopliasmaryna@example.net
Журавель,Олесь,Дмитрович,Чоловік,2003-11-16,Кухар,хутір Любомль,"узвіз Десята, буд. 26 кв. 72, Ізюм, 21898",+380 (18) 329-01-84,telizhenkohanna@example.net
Зубко,Аліна,Володимирівна,Жінка,1945-11-22,Локсмайстер,село Гнівань,"площа Локомотивний 2-й, буд. 83, Суми, 18136",391 34 55,xtalan@example.org
Артеменко,Ольга,Артемівна,Жінка,1991-06-18,Сантехнік,село Жовква,"сквер Лиманчик 2-й Лінія 1-ша, буд. 15 кв. 02, Городок, 70413",068 44 15,devdiukmariia@example.org
Оліфіренко,Лілія,Богданівна,Жінка,1972-06-13,Хімік,селище Кодима,"вулиця Академіка Богатського, буд. 56, Селидове, 22884",707 50 84,vadymzasenko@example.org
Данчук,Тетяна,Володимирівна,Жінка,2002-09-29,Модель,село Умань,"вулиця 19-та Лінія, буд. 289, Білозерське, 59298",+380 03 306 52 17,adam46@example.net
Титаренко,Єва,Василівна,Жінка,1959-08-18,Пілот,місто Гола Пристань,"провулок Деревообробна, буд. 343, Золочів, 70646",+380 74 481-99-85,kylymnykiustyna@example.net
Рубан,Ірена,Петрівна,Жінка,1959-03-12,Реставратор,селище Долинська,"шосе Садова 1-ша, буд. 83 кв. 6, Красилів, 59866",081 900-62-21,maksymriabchenko@example.org
Бевзенко,Ростислав,Артемович,Чоловік,1971-09-28,Стропальник,село Узин,"шосе Мелодійний, буд. 78, Стрий, 39040",026 189-38-73,orkhyp24@example.net
Колодуб,Нестор,Михайлович,Чоловік,2011-01-10,Складальник,місто Старий Самбір,"узвіз Проценка, буд. 400, Могилів-Подільський, 58896",+380 81 119-82-71,iaremkivvenedykt@example.org
Іщенко,Любов,Максимівна,Жінка,1968-06-08,Музичний редактор,селище Кам'янка (Черкаська область),"шосе Маланова, буд. 58 кв. 02, Хрестівка, 34677",+380 93 773-32-34,roman34@example.com
Проценко,Марина,Ігорівна,Жінка,1971-05-09,Будник,хутір Богодухів,"сквер Михайла Грушевського, буд. 2 кв. 471, П'ятихатки, 47997",876-69-58,khudiakoksana@example.net
Твердохліб,Амалія,Петрівна,Жінка,2002-08-22,Реставратор,село Буськ,"вулиця Грузовий, буд. 105 кв. 0, Молочанськ, 62950",+380 (42) 200-65-56,amvrosiirudyk@example.com
Бандура,Олена,Андріївна,Жінка,1952-05-10,Провізор,село Гребінка,"парк Улицька, буд. 40 кв. 09, Очаків, 46794",+380 65 029-17-01,sdavymuka@example.org
Гузій,Оксана,Андріївна,Жінка,1978-09-17,Економіст,хутір Вараш,"проспект Павлодарська, буд. 0, Луцьк, 41827",+380 (35) 088-59-33,vhaidamaka@example.org
Царенко,Ростислав,Сергійович,Чоловік,1974-04-18,Парфюмер,селище Тульчин,"проспект Матюшенка, буд. 31, Чортків, 56504",+380 94 173-44-41,fdanchuk@example.net
Зубко,Охрім,Євгенович,Чоловік,1991-04-04,Антрополог,селище Люботин,"сквер Дюківська, буд. 382, Бахчисарай, 39707",+380 40 428-20-85,hryhorii66@example.org
Данильчук,Василь,Ігорович,Чоловік,1954-05-24,Шериф,село Мостиська,"шосе Виноградна 2-га, буд. 761 кв. 7, Липовець, 88605",192-81-64,iaremchukanzhela@example.net
Журба,Михайло,Романович,Чоловік,1979-05-10,Єгер,хутір Рава-Руська,"сквер Соціальна, буд. 32 кв. 601, Могилів-Подільський, 12281",+380 65 475 22 33,ibarabash@example.net
Ткач,Валентин,Євгенович,Чоловік,1988-12-31,Мінералог,селище Авдіївка,"парк Картамишевська, буд. 1 кв. 27, Чоп, 47616",998-56-67,amvrosiibazavluchenko@example.com
Скиба,Аарон,Іванович,Чоловік,1998-03-02,Сценарист,селище Іловайськ,"вулиця Хімічний 3-й, буд. 6 кв. 680, Христинівка, 71865",+380 60 265-62-58,gzhytskyimilena@example.net
Іваничук,Георгій,Володимирович,Чоловік,1975-12-21,Доцент,хутір Південне,"провулок Ганса Германа, буд. 029, Глиняни, 12236",+380 (99) 442-48-08,havrylivhryhorii@example.org
Гречаник,Давид,Романович,Чоловік,1992-10-05,Візажист,місто Рогатин,"площа Деволанівська, буд. 05 кв. 943, Тиврів, 71189",+380 40 992 91 99,hlibtokar@example.com
Шеремета,Варвара,Романівна,Жінка,1966-08-12,Громадський діяч,хутір Ямпіль,"провулок Вільгельма Габсбурга, буд. 499 кв. 8, Вільногірськ, 75747",001 212 64 58,onikoliuk@example.org
Щербак,Михайлина,Максимівна,Жінка,1949-07-07,Каскадер,село Київ,"шосе Біржова, буд. 3, Ромни, 86676",+380 (77) 792-53-55,iukhymustenko@example.com
Хоменко,Роксолана,Ігорівна,Жінка,1962-06-05,Футболіст,село Гірник,"проспект Йосипа Фішера, буд. 57 кв. 987, Мар'їнка, 74879",665 56 80,ihor37@example.org
Дубенко,Ліза,Василівна,Жінка,1963-01-21,Головний меркшейдер,селище Гірник,"вулиця Юрія Олеші, буд. 425 кв. 76, Білопілля, 34922",730-61-14,kabaliukleonid@example.com
Баран,Богуслава,Миколаївна,Жінка,1980-11-01,Продюсер,селище Великі Мости,"сквер Львівський, буд. 48 кв. 802, Шахтарськ, 08476",+380 02 865-65-78,mazepateodor@example.org
Сімашкевич,Оксенія,Ігорівна,Жінка,1964-08-02,Ріелтор,місто Кам'янка-Бузька,"парк Вінницька, буд. 072, Ланівці, 87135",063 645 59 96,sofiianosachenko@example.org
Забарний,Нестор,Максимович,Чоловік,2008-11-21,Фотограф,хутір Алчевськ,"проспект Десятого квітня, буд. 903, Зборів, 13097",095-77-46,iustyna68@example.net
Проценко,Наталія,Ігорівна,Жінка,2002-05-05,Програміст,селище Алчевськ,"узвіз Курортний 6-й, буд. 4, Обухів, 32909",063 339 26 94,iefymenkoviktoriia@example.com
Деревʼянко,Еріка,Євгенівна,Жінка,1977-12-03,Паралегал,селище Білозерське,"набережна Івана Луценка, буд. 5 кв. 0, Ладижин, 91633",+380 (71) 972-87-37,simashkevychzlatoslava@example.org
Носенко,Віра,Анатоліївна,Жінка,1990-05-21,Дантист,село Камінь-Каширський,"шосе Місячна, буд. 16, Вознесенськ, 12850",+380 (18) 888-04-35,irena50@example.net
Андрейко,Азар,Миколайович,Чоловік,1996-08-10,Мікробіолог,селище Саки,"сквер Василя Данилевича, буд. 983, Ровеньки, 41660",646 73 09,artymovychmakar@example.org
Влох,Ілля,Миколайович,Чоловік,1946-11-19,Фармацевт,селище Київ,"парк Західний 2-й, буд. 32, Лозова, 12105",036 533 51 76,myroslavivanchenko@example.org
Тарасенко,Зорян,Дмитрович,Чоловік,1984-01-15,Локсмайстер,селище Татарбунари,"узвіз Санаторний, буд. 19, Запоріжжя, 82967",284 16 39,zdashenko@example.org
Базавлученко,Ірена,Євгенівна,Жінка,1951-10-22,Няня,хутір Південне,"парк Дзвінка, буд. 204, Шумськ, 24692",075 752-91-90,myron60@example.net
Щорс,Єлисей,Романович,Чоловік,1974-10-06,Кухар,хутір Тульчин,"шосе Десантний, буд. 041, Антрацит, 99465",042 662-62-38,bivashchenko@example.org
Франчук,Юстим,Юрійович,Чоловік,2010-11-13,Епідеміолог,селище Кілія,"сквер Аркадійська, буд. 94 кв. 706, Кам'янка (Черкаська область), 32990",226-24-10,zaietsviacheslav@example.net
Забіла,Трохим,Анатолійович,Чоловік,1975-08-09,Візажист,місто Деражня,"сквер Каретний, буд. 15, П'ятихатки, 72122",615-60-81,fursstefan@example.net
Проценко,Ірина,Богданівна,Жінка,1998-09-12,Фермер,хутір Алмазна,"площа Український 2-й, буд. 6 кв. 6, Рахів, 46709",+380 92 351 43 16,lysenkoustym@example.org
Ярош,Йосип,Олександрович,Чоловік,2002-09-09,Менеджер,місто Остер,"узвіз Андрія Музичка, буд. 1, Бучач, 73007",058 416 65 11,anzhela13@example.org
Масоха,Євген,Олегович,Чоловік,1990-11-11,Водій,місто Боярка,"узвіз Новоукраїнський, буд. 73, Хрустальний, 53134",+380 44 510-42-94,mykyta43@example.com
Вакуленко,Клавдія,Олександрівна,Жінка,2007-02-22,Провізор,хутір Ізмаїл,"шосе Каркашадзе, буд. 6, Канів, 90772",461 95 54,adakanivets@example.net
Шевченко,Лесь,Сергійович,Чоловік,1991-08-06,Державний службовець,місто Костянтинівка,"набережна Опішнянський, буд. 79, Хрустальний, 41676",035 460-13-21,hermanpylypenko@example.net
Гречко,Мілена,Василівна,Жінка,1959-04-13,Ветеринар,селище Новий Калинів,"провулок Карантинний узвіз, буд. 262, Сокиряни, 61122",+380 81 618-34-72,cpylypenko@example.net
Рева,Наталія,Миколаївна,Жінка,1964-03-19,Антрополог,село Кам'янка-Дніпровська,"вулиця Книжковий, буд. 4, Білгород-Дністровський, 22632",+380 (37) 537-73-02,teodor72@example.net
Талан,Омелян,Іванович,Чоловік,2010-02-16,Геофізик,селище Остер,"шосе Василя Берладяну, буд. 635 кв. 05, Вільногірськ, 12172",+380 53 720-66-30,semen25@example.com
Демʼяненко,Борислав,Іванович,Чоловік,2001-04-29,Бібліограф,село Сокиряни,"шосе Грецька, буд. 866 кв. 283, Бібрка, 37294",054 265 31 90,bezditkoanastasiia@example.net
Хорішко,Едуард,Юрійович,Чоловік,1952-10-04,Публіцист,хутір Шахтарськ,"парк Чорноморський 3-й, буд. 1 кв. 660, Семенівка, 87212",315-41-61,gzhytskasviatoslava@example.net
Дуплій,Маруся,Віталіївна,Жінка,2005-01-27,Журналіст,хутір Таврійськ,"площа Профспілкова, буд. 4, Сновськ, 25518",233-43-19,myroslavzabashta@example.org
Гайденко,Юстина,Віталіївна,Жінка,1959-11-29,Агроном,хутір Сорокине,"набережна Вапняна, буд. 776, Пустомити, 37406",+380 25 724-61-06,zarubaiosyp@example.net
Яценюк,Георгій,Андрійович,Чоловік,1965-10-23,Краєзнавець,селище Слов'янськ,"вулиця Бригадна, буд. 90, Сорокине, 91964",+380 01 020 49 58,nadiia81@example.net
Щербань,Пармен,Михайлович,Чоловік,1958-11-30,Штукатур,місто Баранівка,"проспект Байкал тупик, буд. 0, Умань, 77556",040 930 48 15,qoberemko@example.net
Івасюк,Олена,Олегівна,Жінка,1969-08-15,Архітектор,хутір Довжанськ,"провулок Олени Теліги, буд. 2 кв. 0, Тростянець, 06994",049 240 74 39,olena31@example.org
Акименко,Марʼяна,Олегівна,Жінка,1979-10-05,Випробувач,місто Апостолове,"парк Василя Берладяну, буд. 75, Баранівка, 05555",+380 31 426-04-17,cieshchenko@example.org
Макогон,Соломон,Максимович,Чоловік,1985-07-06,Менеджер,селище Подільськ,"шосе Суднобудівна, буд. 653 кв. 23, Рожище, 69442",052 349-97-41,shvachkopriska@example.com
Чумак,Гліб,Юрійович,Чоловік,1986-09-08,Євнух,село Гірник,"вулиця Бутишів, буд. 6, Ланівці, 80008",+380 64 669-58-77,shutkolarysa@example.com
Лесик,Володимира,Віталіївна,Жінка,1997-02-08,Правник,селище Снігурівка,"узвіз Глухий міст, буд. 99 кв. 30, Жовті Води, 62070",001 176-29-70,leonsirko@example.org
Штепа,Аарон,Олегович,Чоловік,2005-07-27,Швачка,село Гірник,"провулок Луцька, буд. 724 кв. 312, Теплодар, 46463",+380 59 465 13 27,shaidamaka@example.org
Алексюк,Валентина,Анатоліївна,Жінка,1980-06-26,Швачка,село Тисмениця,"парк Теофіла Фраєрмана, буд. 80, Хрустальний, 18069",013 279-74-70,qsirko@example.com
Гайдай,Панас,Петрович,Чоловік,1986-05-04,Флорист,місто Покровськ,"шосе Йозефа Прибіка, буд. 76 кв. 1, Бершадь, 58865",482 69 06,ssomko@example.net
Зінчук,Аврелій,Сергійович,Чоловік,2004-05-08,Диригент,місто Овруч,"сквер Виноградний, буд. 874, Чоп, 22350",+380 (78) 242-25-50,varvaramazepa@example.com
Батюк,Федір,Іванович,Чоловік,1952-06-02,Археолог,село Слов'янськ,"шосе Василя Капніста, буд. 7, Верхньодніпровськ, 22156",371-68-21,oksanabarannyk@example.org
Шило,Еріка,Василівна,Жінка,1980-03-21,Конструктор,хутір Миколаївка,"площа Траса Здоров'я, буд. 6 кв. 1, Баранівка, 53277",054 170 60 84,ukadeniuk@example.com
Матвієнко,Дмитро,Петрович,Чоловік,1954-04-05,Співак,хутір Шаргород,"проспект Закарпатська, буд. 07, Тараща, 05679",064 613 65 72,rostyslav81@example.net
Данчук,Галина,Олегівна,Жінка,1993-12-27,Ботанік,селище Барвінкове,"шосе Панаса Саксаганського, буд. 47 кв. 379, Вільнянськ, 32900",047 470-87-24,danshvachka@example.com
Москаль,Августин,Васильович,Чоловік,1963-11-15,Дерун,селище Залізне,"вулиця Павла Шклярука, буд. 26 кв. 601, Горохів, 96520",+380 43 185 05 96,gzhytskabohdanna@example.org
Деревʼянко,Клавдія,Андріївна,Жінка,1983-06-21,Продюсер,хутір Бориспіль,"узвіз Ігоря Кисельова, буд. 3, Слов'янськ, 29670",287 28 29,demydenkozynovii@example.com
Матвієнко,Геннадій,Олександрович,Чоловік,2002-04-26,Бібліотекар,місто Мар'їнка,"площа Михайла Божія, буд. 69 кв. 60, Шепетівка, 98017",073 820 69 28,fsirobaba@example.org
Атаманчук,Августин,Максимович,Чоловік,1950-05-26,Актор,хутір Угнів,"парк Прирейкова, буд. 59 кв. 010, Заводське, 13335",+380 95 612-29-34,frants95@example.com
Василашко,Борислав,Іванович,Чоловік,1962-06-21,Вчитель,селище Іллінці,"проспект Сегедська, буд. 853, Калинівка, 09326",+380 23 686-58-82,hrudko@example.com
Ляшко,Гордій,Васильович,Чоловік,1952-02-16,Клоун,село Валки,"провулок Гонсіоровського, буд. 8 кв. 764, Сімферополь, 66595",029 300 01 25,qzubko@example.net
Шаблій,Єлисей,Ігорович,Чоловік,1979-01-29,Реставратор,місто Полтава,"сквер Травневий 4-й, буд. 11, Свалява, 66695",+380 88 635-85-40,gchupryna@example.org
Черненко,Юстина,Іванівна,Жінка,1957-05-25,Будник,село Чернігів,"парк Баринштейна, буд. 9, Сіверськодонецьк, 87854",231 06 94,markochaika@example.org
Голобородько,Мирослав,Васильович,Чоловік,1957-05-06,Публіцист,хутір Канів,"парк Лузанівський, буд. 258, Бучач, 66996",+380 (77) 515-35-51,zharkoherman@example.com
Гоголь-Яновська,Ольга,Андріївна,Жінка,1956-06-28,Гірник,хутір Золотоноша,"провулок Центральний аеропорт, буд. 8 кв. 312, Соснівка, 82590",605 81 83,vadym70@example.org
Корпанюк,Сніжана,Юріївна,Жінка,1991-11-28,Доцент,селище Радехів,"вулиця Пересипський 2-й, буд. 0, Батурин, 20854",+380 68 944 92 49,ckonoplenko@example.net
Малишко,Олександр,Віталійович,Чоловік,1953-08-17,Електрослюсар,хутір Березівка,"площа Поперечний, буд. 439, Шпола, 32376",+380 25 129-61-31,fastenkoonysym@example.net
Ґжицька,Оксенія,Андріївна,Жінка,2000-11-09,Астроном,місто Херсон,"площа Павлова, буд. 192 кв. 2, Рудки, 20856",070 652 70 55,orestiaremkiv@example.com
Бакуменко,Марина,Олегівна,Жінка,1953-01-20,Дантист,хутір Снятин,"парк Ліверпульський, буд. 901, Радехів, 87102",+380 (25) 674-27-43,sofiia00@example.org
Рябець,Ірена,Романівна,Жінка,2001-10-08,Кінорежисер,хутір Берегове,"площа Трамвайний, буд. 5, Приморськ, 52811",+380 41 863-00-36,opanas97@example.org
Сіробаба,Лесь,Романович,Чоловік,2002-09-01,Модель,хутір Саки,"сквер Ямчитського, буд. 014, Хотин, 32077",097 918-51-37,korpaniukboryslav@example.com
Жайворон,Оксенія,Анатоліївна,Жінка,1962-08-07,Електрослюсар,селище Вишгород,"сквер Тарутинська, буд. 29 кв. 8, Конотоп, 22787",043 517-49-73,schumachenko@example.org
Гайда,Андрій,Ігорович,Чоловік,1955-01-20,Графік,селище Сміла,"набережна Всеволода Змієнка, буд. 0, Прип'ять, 57985",069 838 10 50,bilchenko@example.com
Савенко,Галина,Сергіївна,Жінка,1982-11-15,Промисловець,місто Монастириська,"сквер 21-й км Старокиївської дороги, буд. 86 кв. 31, Новоазовськ, 14799",042-79-82,bohuslav60@example.net
Деревʼянко,Павло,Максимович,Чоловік,1951-11-15,Мікробіолог,хутір Павлоград,"набережна Академіка Філатова, буд. 02 кв. 738, Лубни, 37203",044 691-39-27,erikaiaremkiv@example.com
Удовенко,Альбіна,Анатоліївна,Жінка,1955-05-11,Музикант,місто Молочанськ,"проспект Донорська, буд. 270 кв. 0, Миколаїв, 80056",048 517-46-72,riabetsiarema@example.net
Шиян,Орхип,Ігорович,Чоловік,2007-08-15,Драматург,місто Заліщики,"площа Ясна, буд. 093, Рівне, 27634",028 349-22-99,shukhevychhordii@example.net
Шамрай,Василина,Дмитрівна,Жінка,1996-10-10,Модельєр,село Заводське,"узвіз Сьома, буд. 556, Тернівка, 98982",010 362-65-30,shapovallarysa@example.net
Пустовіт,Вікторія,Артемівна,Жінка,1993-08-08,Математик,село Козятин,"вулиця Овідіопольський, буд. 05, Берестечко, 96968",078 615-01-68,ielysei90@example.com
Ващенко,Василина,Іванівна,Жінка,1955-09-11,Реабілітолог,місто Узин,"сквер Сортувальна 1-ша, буд. 0 кв. 8, Устилуг, 31098",+380 49 238-76-51,lesandrusenko@example.net
Затовканюк,Володимира,Олександрівна,Жінка,1983-08-31,Зоолог,селище Ржищів,"вулиця 10-та Лінія Марії Демченко, буд. 3 кв. 995, Чугуїв, 18583",+380 19 231-23-56,davydandrusenko@example.org
Яремчук,Адам,Олегович,Чоловік,1949-08-11,Математик,село Добромиль,"провулок Гонсіоровського, буд. 2, Кагарлик, 40273",174-32-00,orkhyp46@example.net
Харченко,Марина,Максимівна,Жінка,1992-03-05,Адвокат,місто Камінь-Каширський,"провулок Офіцерський 2-й, буд. 02 кв. 498, Фастів, 08278",+380 54 618-57-08,bohuslavmykhailychenko@example.com
Ґалаґан,Ростислав,Дмитрович,Чоловік,1982-04-27,Геофізик,село Миколаївка,"провулок Спортивна, буд. 503, Прип'ять, 30389",+380 33 919-30-01,mykhailo85@example.net
Фоменко,Аврелій,Олександрович,Чоловік,1971-03-31,Геолог,селище Красногорівка,"проспект 19-й км Старокиївської дороги, буд. 1, Генічеськ, 65491",+380 67 003-21-00,mykhailyna83@example.com
Палій,Борислав,Віталійович,Чоловік,1961-06-18,Ботанік,хутір Щолкіне,"площа Локомотивна, буд. 3, Саки, 61527",080 114-19-14,piddubnyiiaroslav@example.org
Якименко,Спас,Іванович,Чоловік,1990-03-21,Хореограф,місто Христинівка,"набережна Авангардна, буд. 93, Старий Самбір, 88270",065 449-50-54,halynamakarenko@example.net
Рябовіл,Олександр,Михайлович,Чоловік,1995-09-07,Режисер,село Кам'янець-Подільський,"набережна Лузанівський 2-й, буд. 91 кв. 69, Винники, 91414",749-53-15,ovcharenkodmytro@example.org
Примаченко,Орест,Максимович,Чоловік,1968-01-22,Громадський діяч,місто Андрушівка,"набережна Амбулаторний, буд. 19 кв. 8, Гайсин, 07329",+380 (44) 282-88-21,umanetsiarema@example.net
Вернидуб,Павло,Максимович,Чоловік,1974-09-10,Реабілітолог,хутір Глиняни,"шосе Сергія Ядова, буд. 106, Ланівці, 88428",497-93-67,vitaliikabanenko@example.net
Баклан,Лариса,Анатоліївна,Жінка,1981-01-21,Публіцист,хутір Родинське,"шосе Андреєвського, буд. 12, Чорнобиль, 74870",529 73 87,orynaonufriienko@example.org
Семенченко,Антон,Романович,Чоловік,1955-11-12,Електромонтажник,місто Вилкове,"провулок Отонівський, буд. 89 кв. 353, Новоселиця, 81540",076 436 04 77,valentynromanenko@example.org
Токар,Дарина,Миколаївна,Жінка,1986-05-05,Економіст,селище Кролевець,"сквер Берегова, буд. 6, Маріуполь, 02767",247-11-97,kopytkoprokhir@example.com
Зубко,Болеслав,Іванович,Чоловік,2001-03-22,Педагог,село Новомиргород,"площа Компасний, буд. 2, Луцьк, 41490",+380 33 759-32-81,romanenkokhrystyna@example.com
Затовканюк,Левко,Максимович,Чоловік,2002-02-16,Підприємець,село Берестин,"проспект Кільцева, буд. 201, Погребище, 34974",067 675-42-82,azar81@example.net
Вовк,Феофан,Олегович,Чоловік,1970-01-21,Пекар,селище Гірське,"площа Братів Малакових, буд. 2 кв. 41, Берислав, 14572",037-84-71,danylo52@example.net
Симоненко,Прохір,Олександрович,Чоловік,1978-08-11,Астронавт,село Зоринськ,"парк Індійська, буд. 95, Ходорів, 27099",274-93-20,cchaika@example.com
Оберемко,Лесь,Артемович,Чоловік,1985-10-06,Мірошник,селище Городок,"шосе Мукачівський, буд. 0, Приморськ, 26227",+380 19 047-64-52,kybkalodan@example.net
Затула,Василь,Ігорович,Чоловік,1987-10-08,Астрофізик,місто Бар,"набережна Юхима Геллера, буд. 69 кв. 0, Ходорів, 69650",+380 69 684 79 86,liudmyla25@example.org
Ящук,Віктор,Миколайович,Чоловік,1953-07-05,Маркетолог,село Нова Одеса,"парк Пересипська 2-га, буд. 33 кв. 7, Новодружеськ, 29422",+380 (70) 749-66-33,amvrosii49@example.org
Оберемко,Марія,Олександрівна,Жінка,1977-05-22,М'ясник,село Жмеринка,"проспект Велика Арнаутська, буд. 1, Барвінкове, 28602",+380 24 402-17-96,ada05@example.net
Іваничук,Соломія,Романівна,Жінка,2006-02-12,Будник,хутір Новоград-Волинський,"проспект Волинський, буд. 31, Сніжне, 88553",874 36 76,zcherednyk@example.org
Конопленко,Олена,Іванівна,Жінка,1968-03-29,Геолог,хутір Севастополь,"шосе Севастопольський, буд. 679, Мена, 02956",+380 71 360-67-34,varfolomii42@example.org
Товстоліс,Ірина,Володимирівна,Жінка,1976-11-27,Лікар,місто Селидове,"набережна Караїмська, буд. 67, Хрестівка, 58697",982 54 01,ieremenkoorkhyp@example.net
Удовенко,Мартин,Сергійович,Чоловік,1971-11-25,М'ясник,хутір Красногорівка,"сквер Слов'янська, буд. 3 кв. 653, Охтирка, 78081",874-33-34,bohodarvermenych@example.org
Безбородько,Оксана,Ігорівна,Жінка,1970-07-06,Підприємець,місто Заліщики,"провулок Вознесенський, буд. 7, Лозова, 06544",+380 92 907-08-15,perepelytsiaviktor@example.com
Дейсун,Варвара,Юріївна,Жінка,1971-11-02,Круп'є,селище Хуст,"площа Тепла, буд. 366, Новодружеськ, 04559",077 753 49 20,valentynapavlyk@example.net
Харченко,Євген,Анатолійович,Чоловік,2007-07-06,Професор,селище Благовіщенське,"провулок Яружний, буд. 2 кв. 070, Заліщики, 94091",026 544 17 38,hiarosh@example.com
Франчук,Пилип,Володимирович,Чоловік,1997-03-12,Стоматолог,хутір Христинівка,"провулок Севастопольський, буд. 5 кв. 47, Володимир-Волинський, 41805",+380 19 127-63-57,danylchukivan@example.net
Гресь,Панас,Петрович,Чоловік,2004-03-20,Краєзнавець,хутір Хуст,"узвіз 13-та ст. Великого Фонтану пляж, буд. 225 кв. 1, Теребовля, 02505",579 14 60,dzhusihnat@example.net
Шамрай,Назар,Олександрович,Чоловік,1961-04-26,Модель,місто Вижниця,"сквер Середньофонтанська, буд. 5, Узин, 76504",662 12 45,bohdannashvedchenko@example.org
Гоголь-Яновський,Гліб,Анатолійович,Чоловік,1978-12-26,Складальник,село Пустомити,"сквер Травневий 2-й, буд. 246, Вознесенськ, 86700",087 853-95-97,nataliiaishchenko@example.com
Андрійович,Варфоломій,Богданович,Чоловік,1991-04-26,Археолог,хутір Сіверськодонецьк,"сквер Центральна, буд. 4, Ланівці, 37996",510-33-22,ivasiukandrii@example.org
Зайченко,Святослава,Андріївна,Жінка,2002-09-29,Головний меркшейдер,хутір Шпола,"вулиця Палубний, буд. 2 кв. 0, Рені, 38945",536 19 97,ubabiuk@example.net
Щириця,Едита,Ігорівна,Жінка,1952-05-01,Програміст,село Снігурівка,"шосе Ігоря Ветрогонова, буд. 37, Коломия, 65378",+380 45 234-80-77,tymchukartem@example.net
Засуха,Марія,Артемівна,Жінка,1958-05-01,Режисер,селище Кременчук,"набережна Тараса Кузьміна, буд. 08 кв. 41, Білопілля, 42118",+380 45 900 10 57,albinaivanchenko@example.net
Терещук,Галина,Дмитрівна,Жінка,1965-05-21,Фізик,хутір Харків,"проспект Київське, буд. 7 кв. 887, Шпола, 50593",583 04 59,demydbaklan@example.org
Заєць,Болеслав,Миколайович,Чоловік,1983-06-16,Паралегал,село Миргород,"набережна Остапа Вишні, буд. 0 кв. 5, Арциз, 64956",+380 47 351 46 15,dzhunparmen@example.net
Іванченко,Адам,Віталійович,Чоловік,1976-09-03,Хімік,місто Новодністровськ,"узвіз Косий, буд. 1, Прилуки, 16295",+380 49 576 17 85,markhymovych@example.org
Микитюк,Ірена,Юріївна,Жінка,1999-10-19,Агроном,село Борислав,"набережна Урожайна, буд. 5, Шахтарськ, 13100",+380 54 551-20-01,allaradchenko@example.net
Шутько,Олег,Олегович,Чоловік,2004-03-10,Намотувальник,село Батурин,"парк Ушинського, буд. 514, Здолбунів, 19092",027 482 60 69,teodorvasylechko@example.net
Засядько,Павло,Володимирович,Чоловік,1961-08-17,Доцент,село Устилуг,"проспект Матюшенка, буд. 4 кв. 1, Мирноград, 85600",+380 86 667-46-58,klavdiia30@example.net
Ісаєвич,Мартин,Ігорович,Чоловік,1972-04-02,Програміст,місто Довжанськ,"сквер Мирна, буд. 4, Лохвиця, 29711",767 41 26,izhakevychmakar@example.org
Скирда,Камілла,Юріївна,Жінка,1976-12-07,Музичний редактор,місто Трускавець,"узвіз Алмазна, буд. 149 кв. 99, Кагарлик, 33219",+380 67 790 88 95,zlatoslavakozachenko@example.org
Удовиченко,Пилип,Євгенович,Чоловік,1972-07-01,Кінорежисер,хутір Верхньодніпровськ,"вулиця Лінія 45-та, буд. 29, Світловодськ, 26892",030 442 73 99,lhuk@example.org
Непорожній,Амвросій,Євгенович,Чоловік,1970-08-15,Журналіст,хутір Тиврів,"сквер Тепличний 2-й, буд. 921, Шумськ, 54304",+380 87 261 36 05,zakharzasenko@example.net
Франчук,Богдан,Артемович,Чоловік,1946-12-05,Гінеколог,селище Сновськ,"сквер Василя Кандинського 3-й, буд. 001, Гребінка, 27484",+380 02 173-43-56,hryhoriikylymnyk@example.net
Вітрук,Алла,Ігорівна,Жінка,1987-03-08,Хореограф,хутір Дунаївці,"вулиця Наявний 4-й, буд. 10 кв. 301, Перечин, 86141",991 83 83,wizhakevych@example.org
Їжакевич,Надія,Романівна,Жінка,2004-04-22,Промисловець,місто Красногорівка,"площа Бориса Літвака, буд. 55 кв. 096, Миронівка, 07247",037 097 99 25,arsenchupryna@example.com
Баранець,Валерій,Романович,Чоловік,2002-02-24,Водій,село Нетішин,"вулиця Маршрутна, буд. 1, Рава-Руська, 79845",+380 38 037-74-08,klyment57@example.net
Дзюба,Остап,Анатолійович,Чоловік,2003-12-06,Астроном,місто Соледар,"провулок Сортувальна 1-ша, буд. 99 кв. 232, Міусинськ, 56797",+380 (38) 236-08-78,phavrylets@example.org
Гупало,Стефан,Юрійович,Чоловік,2007-04-20,Акушер,селище Свалява,"набережна Канатна, буд. 7, Болехів, 32954",121-19-28,kvakhnii@example.org
Забіла,Гліб,Петрович,Чоловік,1978-05-03,Ветеринар,місто Переяслав,"провулок Велика Садова, буд. 4, Болехів, 64841",001 923-02-50,hlib19@example.org
Кириленко,Валентин,Олександрович,Чоловік,1981-11-16,Слідчий,хутір Монастириська,"узвіз Рельєфна, буд. 20 кв. 1, Харцизьк, 35195",979-91-45,izhakvolodymyra@example.org
Артеменко,Орест,Олександрович,Чоловік,1971-10-01,Графік,селище Чигирин,"набережна Люстдорфський, буд. 51, Таврійськ, 41203",590-99-07,uskoryk@example.com
Щербань,Данна,Олегівна,Жінка,1960-05-19,Інженер,село Липовець,"набережна Хлібна гавань, буд. 570, Селидове, 67495",066-25-05,khrystenkoieva@example.net
Шаповал,Юстина,Іванівна,Жінка,1996-12-19,Футболіст,село Конотоп,"набережна Айвазовського, буд. 091, Ананьїв, 53840",+380 83 267-62-51,lartymovych@example.org
Литвин,Богуслав,Дмитрович,Чоловік,2006-12-12,Нотаріус,село Жмеринка,"парк Бориса Дерев'янка, буд. 4, Південне, 97819",+380 (68) 310-10-80,bandurkaoleh@example.com
Швачко,Павло,Євгенович,Чоловік,1952-11-01,Патологоанатом,місто Алушта,"шосе Кутова, буд. 10 кв. 22, Умань, 07536",051 334-08-90,viktor05@example.com
Гаврилюк,Мілена,Петрівна,Жінка,1973-05-16,Електромонтажник,село Гайсин,"провулок Лазурний 3-й, буд. 768, Нове Давидково, 51152",025 108-14-53,demyd45@example.org
Микитюк,Адам,Васильович,Чоловік,2005-07-06,Правник,місто Комарно,"провулок Сергія Єфремова, буд. 3 кв. 89, Миронівка, 68923",+380 51 739 68 44,liuboviakymchuk@example.com
Ващук,Зиновій,Євгенович,Чоловік,1999-12-26,Гірник,селище Федорівка,"проспект Посівна, буд. 6, Чоп, 50148",098 833-32-64,edyta96@example.org
Франчук,Ліза,Юріївна,Жінка,1956-08-13,Біолог,селище Ясинувата,"узвіз Круговий, буд. 4 кв. 9, Сніжне, 54531",+380 12 900-80-76,pavlychenkovalentyna@example.com
Пʼятаченко,Соломія,Іванівна,Жінка,1964-08-09,Бібліотекар,селище Свалява,"шосе Південна дорога, буд. 4 кв. 5, Деражня, 45850",+380 92 112-76-16,mariia12@example.net
Артюх,Лілія,Віталіївна,Жінка,1952-02-13,Етнограф,селище Сокиряни,"парк Різдвяна, буд. 37 кв. 960, Монастириська, 82127",004 196-08-15,olifirenkoielysaveta@example.com
Цимбал,Станіслав,Максимович,Чоловік,1968-07-14,Клавішник,селище Ямпіль,"вулиця 17-та Лінія 6-й ст. Люстдорфської дороги, буд. 50 кв. 764, Ківерці, 07469",507-33-71,khomakozak@example.org
Стус,Орися,Анатоліївна,Жінка,1965-09-02,Електромонтер,місто Багачеве,"набережна Баркасний, буд. 967 кв. 198, Сарни, 57539",+380 33 992-13-71,orkhyp82@example.com
Рябовіл,Лілія,Артемівна,Жінка,2003-01-18,Мистецтвознавець,хутір Ровеньки,"сквер Шептицького, буд. 43 кв. 963, Запоріжжя, 18195",+380 74 046 15 65,mykhailolazarenko@example.org
Овсієнко,Михайло,Олегович,Чоловік,1959-01-07,Євнух,село Теплодар,"проспект Лютневий 1-й, буд. 627, Белз, 39496",+380 75 353 38 30,mykhailo61@example.com
Товстоліс,Леон,Михайлович,Чоловік,1972-05-12,Професор,село Кадіївка,"шосе Асташкіна, буд. 1, Радехів, 99207",+380 (58) 769-00-21,iefremiaremenko@example.net
Кабаненко,Петро,Володимирович,Чоловік,1978-03-10,Астронавт,селище Львів,"парк Ганса Германа, буд. 7, Жмеринка, 91197",+380 08 202-52-23,olena04@example.net
Чміль,Данна,Віталіївна,Жінка,1968-12-09,Бібліограф,село Дніпрорудне,"площа Уманська, буд. 1, Південне, 21436",+380 55 313-85-28,evasylechko@example.com
Абрамчук,Амвросій,Володимирович,Чоловік,1956-09-14,Редактор,місто Монастириська,"проспект Маланова, буд. 5, Ямпіль, 85565",178-04-04,nadiia43@example.org
Шведченко,Тетяна,Дмитрівна,Жінка,1976-07-19,Клавішник,село Мала Виска,"узвіз Кінна, буд. 7 кв. 994, Голубівка, 33470",+380 (51) 633-34-39,ielyseinazarenko@example.com
Лукаш,Болеслав,Богданович,Чоловік,1976-07-02,Локсмайстер,село Жданівка,"проспект Бейтельсбахера, буд. 84, Бучач, 47255",067 453 93 47,ielysavetanosachenko@example.com
Андрусенко,Артем,Богданович,Чоловік,1947-11-10,Педагог,село Берислав,"узвіз Віталія Блажка, буд. 6, Златопіль, 31267",+380 11 681 94 62,kostiantyn86@example.com
Ващук,Ганна,Миколаївна,Жінка,1946-08-19,Програміст,селище Покров,"сквер Панаса Саксаганського, буд. 33 кв. 78, Чугуїв, 37467",+380 (24) 905-90-69,iaremenkoiaroslav@example.com
Єрошенко,Феофан,Дмитрович,Чоловік,1966-10-04,Географ,село Кобеляки,"сквер Садова 6-та, буд. 48 кв. 7, Ірпінь, 07517",552 69 82,panas58@example.com
Авраменко,Тимофій,Іванович,Чоловік,1957-01-18,Архітектор,хутір Тростянець,"узвіз Керченський 1-й, буд. 794, Олександрія, 94809",016 675-53-35,romanvakhnii@example.com
Іваничук,Устим,Євгенович,Чоловік,2006-04-30,Кінорежисер,селище Здолбунів,"вулиця Ольвійська, буд. 717 кв. 890, Калинівка, 54199",052-19-40,iaryna52@example.com
Чуприна,Ілля,Анатолійович,Чоловік,1990-01-05,Євнух,місто Славута,"площа Дюківська, буд. 08 кв. 800, Кіцмань, 20550",176-38-19,opanasandriievych@example.net
Артюшенко,Сніжана,Богданівна,Жінка,1981-01-27,Випробувач,хутір Бібрка,"вулиця Зелена балка, буд. 68, Хрустальний, 37300",+380 72 555 91 71,azhazhasviatoslav@example.com
Ващук,Лілія,Артемівна,Жінка,1973-07-24,Гицель,хутір Зборів,"узвіз Балтиморська, буд. 73, Харків, 01712",068 610-31-03,ptovstolis@example.com
Міщенко,Юстим,Артемович,Чоловік,1975-09-17,Кінолог,село Пирятин,"набережна Цегельнозаводська, буд. 24, Мена, 13161",049 948 56 19,marta62@example.net
Бабій,Азар,Петрович,Чоловік,1988-04-16,Музичний редактор,селище Київ,"провулок Юхима Геллера, буд. 4 кв. 3, Карлівка, 71009",078 340-94-89,ruslan45@example.org
Габелко,Іван,Іванович,Чоловік,1986-09-10,Інженер,хутір Снігурівка,"площа Солонцюватий, буд. 162, Вижниця, 64935",+380 (34) 724-39-30,zarubasymon@example.org
Дзиндра,Вʼячеслав,Віталійович,Чоловік,1994-06-14,Акушер,місто Жданівка,"шосе Балтський 5-й, буд. 27, Лебедин, 84783",+380 (92) 397-86-78,asaulabohuslava@example.net
Лавренко,Пилип,Володимирович,Чоловік,2005-09-27,Продюсер,хутір Радомишль,"провулок Політкаторжан, буд. 484 кв. 2, Шаргород, 42905",022 609-61-71,dzyndratetiana@example.com
Чабан,Людмила,Олександрівна,Жінка,1985-09-29,Науковець,хутір Київ,"вулиця Чумацька, буд. 485 кв. 3, Пустомити, 18288",+380 59 078-51-55,bhydenkomykolai@example.com
Вахній,Лариса,Ігорівна,Жінка,1950-03-01,Економіст,місто Новий Калинів,"сквер Українська, буд. 548 кв. 383, Ямпіль, 09285",+380 (20) 992-73-95,rbabii@example.com
Іваничук,Надія,Максимівна,Жінка,1992-10-09,Геофізик,хутір Чортків,"проспект Радіальний, буд. 709, Корець, 09937",+380 35 032-38-30,zaietsdemyd@example.org
Лаба,Євген,Юрійович,Чоловік,2001-08-05,Композитор,селище Липовець,"набережна Компасний, буд. 29 кв. 71, Петрово-Красносілля, 09573",+380 85 531-85-90,edemianenko@example.org
Зубко,Віталій,Віталійович,Чоловік,1982-06-13,Маркетолог,місто Рені,"вулиця Євгена Крамаренка, буд. 9 кв. 375, Перемишляни, 28958",893 16 04,emiliiagzhytskyi@example.com
Даньків,Одарка,Андріївна,Жінка,1967-07-15,Кінокритик,село Соледар,"сквер Сергія Ейзенштейна, буд. 94 кв. 60, Генічеськ, 43324",045 503-87-89,bohdanna99@example.net
Токар,Ольга,Романівна,Жінка,1984-08-09,Фізик,місто Турка,"вулиця Мелітопольська, буд. 2 кв. 209, Кальміуське, 65804",452-99-46,ntarasenko@example.com
Романець,Орина,Василівна,Жінка,2009-11-25,Няня,село Переяслав,"сквер Мацієвської узвіз, буд. 50 кв. 858, Глиняни, 85395",831-51-18,hlibusyk@example.net
Стельмах,Захар,Андрійович,Чоловік,1965-12-11,Акушер,село Чуднів,"площа Хаджибейський 2-й, буд. 671, Теплодар, 48169",760-84-58,bhohol@example.com
Твердохліб,Орина,Юріївна,Жінка,1990-04-18,М'ясник,село Бахмач,"вулиця Пироговський, буд. 5, Пирятин, 13790",+380 64 729-72-38,liza87@example.com
Артимишина,Марʼяна,Артемівна,Жінка,2005-05-02,Електрослюсар,селище Радивилів,"провулок Кордонний, буд. 873 кв. 482, Кобеляки, 84977",019 428 72 58,stefanliashko@example.net
Іващенко,Нестор,Романович,Чоловік,2000-07-26,Електрослюсар,хутір Кропивницький,"проспект Галини Могильницької, буд. 453 кв. 865, Глобине, 65789",453-67-53,oleszabila@example.org
Масоха,Галина,Дмитрівна,Жінка,1968-02-02,Редактор,селище Шаргород,"площа Шостої 2-й, буд. 662, П'ятихатки, 11782",+380 31 601-53-82,ihnatdevdiuk@example.net
Авраменко,Костянтин,Юрійович,Чоловік,1946-11-18,Складальник,село Носівка,"узвіз Обільна, буд. 117 кв. 67, Старий Крим, 35924",049 244-72-95,tkonoplia@example.com
Ґалаґан,Віолетта,Сергіївна,Жінка,1977-05-22,Кінорежисер,село Славута,"проспект Журавлина, буд. 28, Стебник, 83646",+380 00 335-72-09,frantsdzyndra@example.net
Цимбал,Михайло,Дмитрович,Чоловік,2009-07-21,Пілот,село Винники,"шосе Троїцька, буд. 13 кв. 8, Хоростків, 79707",+380 79 339-27-61,wtereshchenko@example.org
Єрченко,Златослава,Максимівна,Жінка,1984-11-08,Складальник,хутір Вінниця,"узвіз Ширяївський, буд. 016, Гірник, 34230",450 49 32,korpaniukrostyslav@example.net
Петрик,Варвара,Богданівна,Жінка,1969-05-29,Бібліотекар,селище Кривий Ріг,"площа Виноградний тупик, буд. 0 кв. 698, Долинська, 40703",096 989 94 19,labrahamovska@example.net
Оліфіренко,Єлисавета,Миколаївна,Жінка,1952-08-23,Перекладач,село Одеса,"узвіз Короткий, буд. 02 кв. 255, Кадіївка, 20795",+380 33 727-11-98,kovalenkoiustym@example.com
Лазаренко,Павло,Миколайович,Чоловік,1996-09-13,Вчитель,селище Ужгород,"сквер Аеродромний 1-й, буд. 9 кв. 10, Хорол, 91231",090 118-95-38,anzhelachornovil@example.org
Ґжицький,Ілля,Юрійович,Чоловік,1969-08-17,Фізик,село Овруч,"парк Болградська, буд. 3 кв. 4, Чугуїв, 10632",+380 60 758 07 24,marta86@example.com
Базавлученко,Оксана,Петрівна,Жінка,1997-08-04,Гірник,село Васильків,"узвіз Костанді, буд. 9 кв. 5, Бар, 16219",+380 (28) 574-54-04,boryslukash@example.net
Ващенко,Єлисей,Євгенович,Чоловік,1996-02-27,Золотар,село Дніпро,"набережна Івана Вазова, буд. 460 кв. 1, Васильків, 41589",+380 53 777 43 35,amaliia26@example.net
Товстуха,Данна,Романівна,Жінка,1984-09-29,Футболіст,місто Городище,"провулок Лазурний 3-й, буд. 55 кв. 73, Кальміуське, 01255",+380 (37) 552-46-48,solomiiavovk@example.org
Андрійчук,Спас,Миколайович,Чоловік,1989-08-23,Художник,селище Южне,"провулок Гранатна, буд. 478, Шпола, 83022",+380 47 152-57-58,panaskhrystych@example.org
Дробʼязко,Аніта,Василівна,Жінка,1988-02-04,Краєзнавець,місто Енергодар,"площа Набережна, буд. 16 кв. 718, Ковель, 31476",+380 (52) 338-17-22,azarkhudobiak@example.com
Асаула,Станіслав,Петрович,Чоловік,1988-10-01,Пекар,село Южне,"площа Церковна, буд. 083, Сколе, 15265",+380 70 376-23-89,yshamrai@example.net
Мазепа,Лариса,Михайлівна,Жінка,1984-08-28,Археолог,село Сніжне,"провулок Весняна, буд. 20, Звенигородка, 80842",067-30-22,analyvaiko@example.org
Закусило,Мирослав,Ігорович,Чоловік,2008-03-17,Науковець,хутір Запоріжжя,"проспект Пісочний, буд. 53 кв. 680, Зіньків, 55326",040 608 79 39,mykyta11@example.net
Андрейко,Артем,Романович,Чоловік,1980-03-12,Євнух,місто Апостолове,"провулок Дукова, буд. 892 кв. 2, Нетішин, 38499",042 852-64-96,svitlanaverkhovynets@example.org
Єресько,Аарон,Сергійович,Чоловік,1993-09-26,Доцент,село Покров,"узвіз Західний 2-й, буд. 0, Глобине, 98016",035 943-66-18,verkholapanteleimon@example.com
Безбородько,Галина,Максимівна,Жінка,1993-07-06,Слідчий,хутір Богодухів,"сквер Бісквітний, буд. 457 кв. 54, Баштанка, 56043",+380 14 743-84-76,chaikavasylyna@example.net
Ємельяненко,Оксенія,Євгенівна,Жінка,1980-01-18,Швачка,хутір Глобине,"проспект Лінія 25-та, буд. 75 кв. 609, Комарно, 93129",+380 10 448-80-64,lizadanchenko@example.org
Затула,Леонід,Михайлович,Чоловік,1956-02-22,Антрополог,селище Зоринськ,"шосе Заводська, буд. 381 кв. 72, Калуш, 61832",+380 47 411-65-15,orkhyp63@example.com
Охримович,Вадим,Васильович,Чоловік,1988-05-24,Громадський діяч,село Антрацит,"узвіз Слов'янська, буд. 3, Лозова, 38498",032 664 17 90,rubetsvalentyn@example.net
Данченко,Ігор,Володимирович,Чоловік,1992-07-07,Модель,місто Люботин,"шосе Деволанівський узвіз, буд. 171, Ходорів, 77313",+380 23 209 47 65,avramenkovadym@example.com
Чуйко,Соломія,Євгенівна,Жінка,2002-10-11,Гірник,місто Любомль,"шосе Бугаївська, буд. 793 кв. 89, Теребовля, 01753",+380 08 233 05 51,liudmyla29@example.net
Остапчук,Аврелій,Віталійович,Чоловік,1954-09-06,Секретар,місто Вознесенськ,"парк Юннатів 3-й, буд. 830 кв. 5, Шостка, 30070",+380 (51) 355-77-39,alla94@example.org
Батіг,Давид,Анатолійович,Чоловік,2005-07-10,Стоматолог,місто Кам'янка-Бузька,"сквер Студена, буд. 0, Боково-Хрустальне, 34125",+380 80 952 27 29,iaroslav34@example.com
Єрьоменко,Мартин,Васильович,Чоловік,1967-05-30,Паблік рилейшнз,селище Кам'янець-Подільський,"провулок Кільовий, буд. 993 кв. 9, Моспине, 61592",004 483 20 09,nestortryhub@example.net
Зайченко,Олена,Володимирівна,Жінка,1970-04-11,Зоолог,селище Українка,"проспект Зернова, буд. 899, Болград, 58940",086 018-11-19,milenademianchuk@example.com
Власенко,Назар,Юрійович,Чоловік,1984-10-14,Продюсер,селище Українка,"узвіз Кишинівська, буд. 260 кв. 4, Каховка, 44186",021 592-09-38,vasylevychsemen@example.com
Девдюк,Мартин,Васильович,Чоловік,1950-05-25,Стиліст,хутір Феодосія,"шосе Отонівський, буд. 47 кв. 3, Ізмаїл, 67586",090 151 96 71,mykhailynapavlenko@example.org
Шило,Михайлина,Євгенівна,Жінка,1949-09-09,Художник,село Канів,"сквер Гранатний, буд. 5, Золочів, 26074",+380 05 594 00 51,romanzabara@example.net
